0,0,0,-0.03806,-0.053001,-0.063256,-0.065672,-0.060291,-0.050612,-0.042465,-0.041825,-0.052556,-0.075458,-0.10896,-0.15041,-0.19726,-0.2479,-0.302,-0.35998,-0.42235,-0.4894,-0.56126,-0.63811,-0.72022,-0.80756,-0.89955,-0.99493,-1.0916,-1.1866,-1.2764,-1.3577,-1.428,-1.4852,-1.5276,-1.5536,-1.5618,-1.5515,-1.5219,-1.4712,-1.3969,-1.2967,-1.1694,-1.0157,-0.83865,-0.64246,-0.43249,-0.21439,0.0062175,0.22417,0.4352,0.63608,0.82416,0.99675,1.1506,1.2815,1.3845,1.4546,1.4888,1.4871,1.4532,1.3935,1.3159,1.2291,1.1417,1.0601,0.98764,0.92426,0.86824,0.81773,0.77135,0.72798,0.68658,0.64659,0.60838,0.57276,0.53966,0.50738,0.47324,0.43446,0.38864,0.33422,0.27118,0.20142,0.12772,0.051613,-0.027666,-0.11111,-0.1965,-0.27788,-0.34886,-0.40567,-0.44744,-0.47493,-0.48995,-0.49546,-0.49539,-0.4938,-0.49353,-0.495,-0.49595,-0.49223,-0.47916,-0.4525,-0.40878,-0.34551,-0.26183,-0.159,-0.039741,0.093164,0.23736,0.38999,0.54683,0.70232,0.84995,0.98221,1.0908,1.1675,1.2056,1.201,1.1531,1.0654,0.9463,0.81098,0.68047,0.57696,0.51461,0.49223,0.49546,0.50728,0.51715,0.52243,0.52448,0.52508,0.52521,0.52524,0.52524,0.52524,0.52523,0.52518,0.52487,0.52341,0.51804,0.50255,0.46723,0.40371,0.31339,0,0,0,0,0,0,0,0,0,0,0,0,0,0,1
0,0,0,-0.014583,-0.017552,-0.018086,-0.016566,-0.012766,-0.004623,0.010156,0.031428,0.056315,0.081565,0.10557,0.12802,0.14831,0.16469,0.17472,0.17595,0.16637,0.14467,0.11045,0.064122,0.0062107,-0.06302,-0.14304,-0.23219,-0.3275,-0.42541,-0.52239,-0.61519,-0.70093,-0.77731,-0.84282,-0.89691,-0.93996,-0.97311,-0.99772,-1.0147,-1.0241,-1.0255,-1.0184,-1.0023,-0.97653,-0.94035,-0.89294,-0.8341,-0.7647,-0.68626,-0.59997,-0.50628,-0.40559,-0.2992,-0.18922,-0.077925,0.032248,0.13807,0.23568,0.32206,0.39639,0.46009,0.51569,0.56576,0.61253,0.6579,0.70353,0.75088,0.80119,0.85516,0.91267,0.97269,1.0335,1.0931,1.1488,1.197,1.2322,1.2479,1.2372,1.1952,1.1197,1.0122,0.8776,0.72271,0.55413,0.37711,0.19579,0.013973,-0.16432,-0.33526,-0.49587,-0.64418,-0.77856,-0.89686,-0.9965,-1.0757,-1.1347,-1.1761,-1.2032,-1.219,-1.225,-1.2215,-1.2078,-1.1827,-1.1446,-1.0915,-1.0219,-0.93516,-0.83133,-0.71089,-0.57434,-0.42265,-0.25822,-0.085397,0.089772,0.26043,0.4197,0.56091,0.67761,0.7642,0.81701,0.83557,0.8233,0.78774,0.73992,0.69214,0.6542,0.6302,0.61839,0.61413,0.61318,0.61317,0.61326,0.6133,0.61331,0.61332,0.61332,0.61332,0.61331,0.61325,0.61288,0.61118,0.60492,0.58682,0.54559,0.47141,0.36595,0,0,0,0,0,0,0,0,0,0,0,0,0,0,1
0,0,0,0.82229,1.0754,1.2714,1.3919,1.4373,1.4195,1.359,1.278,1.1921,1.1072,1.0249,0.94648,0.87143,0.7957,0.71723,0.64068,0.57294,0.51668,0.47192,0.43791,0.40807,0.37142,0.32813,0.2961,0.28929,0.29377,0.27922,0.23285,0.16997,0.11266,0.070154,0.040626,0.020806,0.0089393,0.003111,0.00086062,0.0001875,3.2025e-05,4.2782e-06,4.4644e-07,3.6362e-08,2.3104e-09,1.1448e-10,4.4224e-12,1.3318e-13,3.9171e-15,0,0,0,0,0,0,0,0,0,0,0,0,0,0,0,0,0,0,0,0,0,0,0,0,0,0,0,0,0,0,0,0,0,0,0,0,0,0,0,0,0,0,0,0,0,0,0,0,0,0,0,0,0,0,0,0,0,0,-2.3502e-14,-9.5185e-13,-3.1928e-11,-8.4004e-10,-1.7311e-08,-2.7982e-07,-3.555e-06,-3.5586e-05,-0.00028155,-0.0017674,-0.0088434,-0.035468,-0.11476,-0.30173,-0.64998,-1.1576,-1.7225,-2.1716,-2.3683,-2.3079,-2.107,-1.9023,-1.7659,-1.6994,-1.6749,-1.6679,-1.6663,-1.6661,-1.666,-1.666,-1.666,-1.6658,-1.6648,-1.6602,-1.6432,-1.5941,-1.482,-1.2805,-0.99407,0,0,0,0,0,0,0,0,0,0,0,0,0,0,1
0,0,0,-0.039634,-0.067391,-0.098221,-0.12723,-0.15266,-0.17603,-0.19956,-0.2244,-0.25103,-0.27995,-0.31179,-0.34716,-0.38663,-0.43072,-0.4797,-0.5336,-0.59212,-0.65455,-0.7201,-0.78849,-0.85975,-0.93337,-1.0076,-1.0794,-1.1456,-1.2026,-1.247,-1.2757,-1.2862,-1.2769,-1.2472,-1.1974,-1.129,-1.0447,-0.94829,-0.8436,-0.7337,-0.62054,-0.50566,-0.39095,-0.27885,-0.17125,-0.067068,0.038968,0.15369,0.28077,0.41922,0.56623,0.71941,0.87558,1.0285,1.1686,1.2855,1.3702,1.4168,1.4231,1.3911,1.3256,1.2346,1.1277,1.0151,0.90661,0.80979,0.72887,0.66443,0.61432,0.57508,0.54318,0.51539,0.48857,0.45947,0.42487,0.38241,0.33153,0.27391,0.21309,0.15295,0.095452,0.039285,-0.018789,-0.080972,-0.14701,-0.21516,-0.28352,-0.35029,-0.41335,-0.47026,-0.5191,-0.55932,-0.59163,-0.61695,-0.63537,-0.64566,-0.64542,-0.63152,-0.60115,-0.55249,-0.48488,-0.39888,-0.29687,-0.18322,-0.062657,0.061918,0.18974,0.32043,0.45245,0.58304,0.70825,0.82267,0.91949,0.99145,1.0322,1.0371,1.004,0.93464,0.83621,0.72244,0.6124,0.52538,0.47296,0.45361,0.45524,0.46399,0.47141,0.47538,0.47692,0.47737,0.47747,0.47749,0.47749,0.47749,0.47748,0.47744,0.47715,0.47582,0.47095,0.45686,0.42476,0.36701,0.2849,0,0,0,0,0,0,0,0,0,0,0,0,0,0,0,0,0,1
0,0,0,0.040081,0.046569,0.046494,0.040675,0.031423,0.020954,0.010784,0.0016423,-0.0063481,-0.013107,-0.018276,-0.021519,-0.022797,-0.022446,-0.021592,-0.022414,-0.027405,-0.038524,-0.057552,-0.086982,-0.13,-0.18937,-0.26604,-0.35813,-0.46102,-0.56856,-0.67446,-0.77307,-0.85932,-0.92871,-0.97772,-1.0045,-1.0095,-0.99493,-0.96495,-0.92446,-0.8788,-0.83283,-0.79003,-0.75182,-0.71737,-0.68412,-0.64837,-0.60581,-0.55197,-0.48276,-0.39535,-0.28903,-0.1656,-0.028936,0.11587,0.2631,0.40646,0.53933,0.65551,0.75017,0.82072,0.86761,0.89441,0.90683,0.91127,0.91368,0.91886,0.9299,0.94751,0.96966,0.99175,1.0075,1.01,0.99307,0.95231,0.886,0.79567,0.68601,0.5641,0.4377,0.31304,0.19279,0.075699,-0.041324,-0.16053,-0.28232,-0.4062,-0.53143,-0.65623,-0.77658,-0.88672,-0.98135,-1.0579,-1.1168,-1.1607,-1.1923,-1.2133,-1.2239,-1.2225,-1.2062,-1.1718,-1.1172,-1.0418,-0.94701,-0.8354,-0.70991,-0.57368,-0.42984,-0.28127,-0.1305,0.019884,0.16664,0.30564,0.43235,0.54249,0.63233,0.69869,0.73908,0.75274,0.74189,0.71228,0.67251,0.6321,0.59886,0.57653,0.56444,0.55927,0.55759,0.5572,0.55715,0.55715,0.55715,0.55715,0.55715,0.55715,0.55714,0.55709,0.55676,0.55521,0.54952,0.53308,0.49562,0.42824,0.33243,0,0,0,0,0,0,0,0,0,0,0,0,0,0,0,0,0,1
0,0,0,0.94951,1.2405,1.4333,1.5114,1.5022,1.4435,1.3575,1.2538,1.1436,1.0407,0.95195,0.87545,0.80837,0.74968,0.69663,0.64516,0.59395,0.54266,0.4873,0.4251,0.3638,0.31582,0.27995,0.2395,0.1831,0.11882,0.064078,0.028676,0.010744,0.0034088,0.00092167,0.00021145,4.0589e-05,6.401e-06,8.1542e-07,8.2824e-08,6.6484e-09,4.1935e-10,2.071e-11,7.9908e-13,2.7419e-14,0,0,0,0,0,0,0,0,0,0,0,0,0,0,0,0,0,0,0,0,0,0,0,0,0,0,0,0,0,0,0,0,0,0,0,0,0,0,0,0,0,0,0,0,0,0,0,0,0,0,0,0,0,0,0,0,0,0,0,0,-1.606e-13,-5.574e-12,-1.532e-10,-3.3287e-09,-5.7338e-08,-7.8532e-07,-8.5803e-06,-7.5041e-05,-0.00052727,-0.0029882,-0.013719,-0.051268,-0.15679,-0.39476,-0.82357,-1.4341,-2.1028,-2.6283,-2.8552,-2.7816,-2.545,-2.3051,-2.1458,-2.0682,-2.0396,-2.0315,-2.0297,-2.0294,-2.0293,-2.0293,-2.0293,-2.0291,-2.0279,-2.0223,-2.0015,-1.9417,-1.8052,-1.5598,-1.2108,0,0,0,0,0,0,0,0,0,0,0,0,0,0,0,0,0,1
0,0,0,0,0,0.12272,0.1368,0.12574,0.092968,0.048034,-0.0012069,-0.051949,-0.10418,-0.15737,-0.20985,-0.26025,-0.3089,-0.35806,-0.4111,-0.47113,-0.54011,-0.61901,-0.70844,-0.80882,-0.91987,-1.0402,-1.1672,-1.2977,-1.4276,-1.5511,-1.661,-1.7489,-1.806,-1.8246,-1.7984,-1.7235,-1.5999,-1.432,-1.2293,-1.0038,-0.76878,-0.53627,-0.31636,-0.11616,0.060172,0.21059,0.3347,0.43444,0.51421,0.57984,0.63708,0.69083,0.74488,0.80171,0.86212,0.92509,0.9881,1.0476,1.0999,1.1413,1.17,1.1855,1.1885,1.1799,1.1605,1.1317,1.0952,1.0533,1.0082,0.96129,0.91345,0.86445,0.81317,0.7576,0.69555,0.62568,0.54812,0.46421,0.37566,0.28419,0.19148,0.09942,0.010002,-0.074943,-0.15414,-0.22687,-0.29272,-0.35159,-0.40395,-0.45051,-0.49168,-0.52751,-0.55836,-0.58503,-0.60814,-0.62745,-0.64178,-0.64967,-0.65016,-0.64288,-0.62741,-0.60297,-0.56896,-0.52563,-0.47377,-0.41396,-0.34628,-0.27062,-0.18669,-0.093124,0.013172,0.13601,0.27763,0.43756,0.61316,0.79972,0.98922,1.1691,1.3232,1.4343,1.4878,1.475,1.3954,1.2596,1.0899,0.91859,0.77992,0.69584,0.66597,0.67102,0.68769,0.70151,0.70889,0.71176,0.7126,0.71279,0.71282,0.71282,0.71282,0.71281,0.71274,0.71232,0.71034,0.70306,0.68203,0.6341,0.54789,0.42532,0,0,0,0,0,0,0,0,0,0,0,0,1
0,0,0,0,0,0.11568,0.14024,0.14992,0.14635,0.13554,0.12342,0.11346,0.1065,0.10173,0.097499,0.092162,0.08459,0.074444,0.06172,0.045489,0.022968,-0.009559,-0.054534,-0.11212,-0.18136,-0.2618,-0.35353,-0.45596,-0.56682,-0.682,-0.79598,-0.90256,-0.99544,-1.0685,-1.1165,-1.1355,-1.1249,-1.0878,-1.0301,-0.9598,-0.88563,-0.81614,-0.75861,-0.71753,-0.69364,-0.68383,-0.68223,-0.68148,-0.67402,-0.6532,-0.61399,-0.55314,-0.46907,-0.36174,-0.23266,-0.085063,0.076137,0.24465,0.41334,0.57479,0.72204,0.84948,0.95354,1.0329,1.0884,1.1233,1.1425,1.1517,1.1558,1.1575,1.1561,1.1483,1.1287,1.0925,1.0359,0.95725,0.85761,0.7409,0.61369,0.48382,0.35862,0.24336,0.14051,0.050041,-0.029877,-0.10211,-0.17031,-0.23867,-0.31094,-0.38902,-0.47237,-0.55886,-0.6461,-0.73217,-0.81536,-0.89383,-0.96549,-1.0283,-1.0806,-1.1211,-1.1495,-1.165,-1.1671,-1.1546,-1.1266,-1.0825,-1.0223,-0.94627,-0.85537,-0.75113,-0.63539,-0.50949,-0.37357,-0.22715,-0.070755,0.092485,0.25685,0.41531,0.56064,0.68566,0.78321,0.84694,0.87313,0.86308,0.82441,0.77035,0.7162,0.6741,0.64881,0.63773,0.63478,0.63485,0.63536,0.63565,0.63575,0.63578,0.63578,0.63578,0.63578,0.63577,0.63571,0.63533,0.63356,0.62707,0.60832,0.56557,0.48867,0.37935,0,0,0,0,0,0,0,0,0,0,0,0,1
0,0,0,0,0,0.98781,1.2676,1.4511,1.5318,1.5361,1.493,1.4196,1.3226,1.204,1.0703,0.93945,0.83386,0.76187,0.71126,0.66421,0.61236,0.55394,0.48878,0.42433,0.37354,0.33546,0.28991,0.22195,0.14195,0.073601,0.030524,0.010065,0.0026302,0.00054352,8.8646e-05,1.139e-05,1.151e-06,9.1331e-08,5.6824e-09,2.7687e-10,1.0556e-11,3.1337e-13,3.9171e-15,0,0,0,0,0,0,0,0,0,0,0,0,0,0,0,0,0,0,0,0,0,0,0,0,0,0,0,0,0,0,0,0,0,0,0,0,0,0,0,0,0,0,0,0,0,0,0,0,0,0,0,0,0,0,0,0,0,0,0,0,0,0,0,0,0,0,-2.7419e-14,-1.0654e-12,-3.5818e-11,-9.4295e-10,-1.9443e-08,-3.1454e-07,-4.0001e-06,-4.0093e-05,-0.00031772,-0.0019983,-0.010023,-0.040314,-0.13087,-0.3454,-0.74706,-1.3359,-1.9954,-2.5238,-2.7586,-2.691,-2.4563,-2.2153,-2.0542,-1.9755,-1.9464,-1.9381,-1.9363,-1.936,-1.9359,-1.9359,-1.9359,-1.9357,-1.9345,-1.9292,-1.9094,-1.8523,-1.7221,-1.488,-1.1551,0,0,0,0,0,0,0,0,0,0,0,0,1
0,0,0,0.0039068,0.0092964,0.017845,0.027845,0.035391,0.035851,0.025523,0.0021281,-0.035183,-0.085224,-0.14437,-0.20794,-0.27261,-0.33731,-0.40196,-0.46627,-0.52969,-0.5919,-0.65282,-0.71242,-0.77048,-0.8264,-0.87898,-0.9267,-0.96834,-1.0037,-1.0335,-1.0589,-1.0804,-1.0974,-1.1081,-1.1101,-1.1005,-1.0754,-1.0313,-0.96505,-0.87523,-0.76298,-0.63158,-0.48524,-0.32812,-0.16411,0.0031183,0.17041,0.33543,0.49643,0.65119,0.79629,0.9272,1.0394,1.1294,1.1953,1.2366,1.2544,1.2516,1.2322,1.2,1.1579,1.1075,1.0502,0.98766,0.9208,0.8496,0.7737,0.69386,0.61244,0.53211,0.45408,0.37752,0.30098,0.22452,0.1506,0.082171,0.019061,-0.043242,-0.1098,-0.18101,-0.25199,-0.3166,-0.37087,-0.41298,-0.44188,-0.45703,-0.45919,-0.45102,-0.43653,-0.41995,-0.40483,-0.39352,-0.38686,-0.384,-0.38248,-0.37859,-0.368,-0.34636,-0.31016,-0.2577,-0.18924,-0.1062,-0.009952,0.098282,0.21673,0.34269,0.47309,0.60464,0.73331,0.85339,0.95735,1.0367,1.0834,1.0916,1.059,0.98802,0.88681,0.76954,0.65547,0.56441,0.50879,0.48762,0.48867,0.49753,0.50522,0.50937,0.51099,0.51147,0.51158,0.51159,0.5116,0.5116,0.51159,0.51154,0.51123,0.50981,0.50459,0.48949,0.4551,0.39322,0.30525,0,0,0,0,0,0,0,0,0,0,0,0,0,0,0,0,0,0,0,1
0,0,0,0.033683,0.048481,0.065529,0.084892,0.10669,0.13066,0.15579,0.18016,0.20144,0.21749,0.2268,0.22836,0.22097,0.2032,0.17414,0.13456,0.086706,0.03245,-0.028605,-0.098137,-0.17597,-0.25864,-0.34133,-0.42049,-0.49438,-0.56203,-0.62237,-0.6742,-0.71647,-0.74888,-0.77216,-0.78796,-0.79828,-0.80494,-0.80957,-0.81388,-0.81967,-0.82813,-0.83897,-0.84989,-0.85681,-0.85481,-0.83916,-0.8059,-0.75202,-0.6757,-0.57659,-0.4561,-0.31739,-0.16496,-0.0039396,0.16048,0.32318,0.47911,0.62333,0.75133,0.85968,0.94668,1.0127,1.0595,1.0896,1.1049,1.1065,1.095,1.0707,1.033,0.98086,0.9127,0.82795,0.72827,0.61763,0.50111,0.38308,0.26629,0.15187,0.040003,-0.068963,-0.17361,-0.27172,-0.36158,-0.44249,-0.51409,-0.5759,-0.62798,-0.67199,-0.71129,-0.75013,-0.79241,-0.84072,-0.89576,-0.95606,-1.0178,-1.0753,-1.1217,-1.1501,-1.1544,-1.1301,-1.075,-0.99001,-0.87881,-0.74668,-0.59931,-0.44174,-0.27786,-0.11076,0.055942,0.21697,0.36594,0.49697,0.60528,0.68668,0.73773,0.75722,0.74796,0.71718,0.67533,0.63336,0.59961,0.57755,0.56595,0.56118,0.55971,0.55941,0.55938,0.55939,0.5594,0.5594,0.5594,0.5594,0.55939,0.55934,0.559,0.55745,0.55174,0.53523,0.49762,0.42996,0.33378,0,0,0,0,0,0,0,0,0,0,0,0,0,0,0,0,0,0,0,1
0,0,0,0.60569,0.84669,1.0622,1.2264,1.3331,1.3897,1.4078,1.3941,1.3482,1.2689,1.162,1.041,0.91945,0.80479,0.69956,0.60651,0.52808,0.46274,0.40904,0.37305,0.36164,0.36534,0.35866,0.32511,0.27614,0.23831,0.2251,0.227,0.22459,0.20388,0.16276,0.1108,0.062797,0.029137,0.010946,0.0033067,0.00079965,0.00015433,2.371e-05,2.893e-06,2.7972e-07,2.1385e-08,1.2899e-09,6.1271e-11,2.2876e-12,6.2673e-14,3.9171e-15,0,0,0,0,0,0,0,0,0,0,0,0,0,0,0,0,0,0,0,0,0,0,0,0,0,0,0,0,0,0,0,0,0,0,0,0,0,0,0,0,0,0,0,0,0,0,0,0,0,0,0,-3.9171e-15,-1.2535e-13,-4.4106e-12,-1.234e-10,-2.7361e-09,-4.8189e-08,-6.7588e-07,-7.568e-06,-6.7821e-05,-0.00048771,-0.0028224,-0.013187,-0.049935,-0.15396,-0.38864,-0.80841,-1.3966,-2.0245,-2.4981,-2.6826,-2.5948,-2.3716,-2.1567,-2.0183,-1.9526,-1.9288,-1.9221,-1.9206,-1.9204,-1.9204,-1.9203,-1.9203,-1.9201,-1.919,-1.9136,-1.894,-1.8374,-1.7083,-1.476,-1.1458,0,0,0,0,0,0,0,0,0,0,0,0,0,0,0,0,0,0,0,1
0,0,0,0,0,0.065988,0.078501,0.081388,0.07455,0.058688,0.032719,-0.0055351,-0.056364,-0.11678,-0.18229,-0.24951,-0.31675,-0.38283,-0.44617,-0.5053,-0.55971,-0.61001,-0.65721,-0.70212,-0.74512,-0.78635,-0.82611,-0.8647,-0.90185,-0.93619,-0.96564,-0.98833,-1.0031,-1.0088,-1.0039,-0.98632,-0.9544,-0.90767,-0.84642,-0.77083,-0.68061,-0.57562,-0.45706,-0.32765,-0.19058,-0.047861,0.099756,0.25126,0.40383,0.55327,0.69558,0.82765,0.94659,1.0488,1.13,1.1861,1.2152,1.2182,1.1987,1.162,1.1134,1.0575,0.99808,0.93781,0.87838,0.82018,0.76257,0.70454,0.64514,0.58375,0.51974,0.45254,0.38216,0.30952,0.23581,0.16109,0.083667,0.0011411,-0.087186,-0.17865,-0.26817,-0.35083,-0.42316,-0.48239,-0.52584,-0.55167,-0.55992,-0.5526,-0.53318,-0.50602,-0.47566,-0.44589,-0.41875,-0.39388,-0.36864,-0.33915,-0.30156,-0.25286,-0.19132,-0.11674,-0.029726,0.069797,0.18278,0.30936,0.44723,0.59146,0.73533,0.87094,0.98989,1.0841,1.1466,1.1724,1.1586,1.1051,1.0158,0.90018,0.77353,0.65507,0.563,0.5075,0.48618,0.48664,0.49483,0.50209,0.50605,0.5076,0.50806,0.50817,0.50818,0.50819,0.50819,0.50818,0.50813,0.50782,0.50641,0.50122,0.48623,0.45206,0.3906,0.30322,0,0,0,0,0,0,0,0,0,0,0,0,0,0,0,0,0,0,0,0,1
0,0,0,0,0,0.057323,0.074866,0.087808,0.095809,0.10092,0.10584,0.11239,0.12113,0.13157,0.14258,0.15261,0.15975,0.16178,0.15655,0.14251,0.11895,0.085649,0.042031,-0.0132,-0.081419,-0.16277,-0.25558,-0.35678,-0.46241,-0.56783,-0.6682,-0.75912,-0.83693,-0.89885,-0.94347,-0.97133,-0.98497,-0.98813,-0.98444,-0.97629,-0.9642,-0.94687,-0.92169,-0.88545,-0.83522,-0.76875,-0.68465,-0.58226,-0.46196,-0.32582,-0.17775,-0.022714,0.13436,0.28861,0.43469,0.56683,0.6799,0.77063,0.83825,0.88442,0.91267,0.92757,0.93399,0.9364,0.93818,0.94105,0.94494,0.94821,0.94785,0.93965,0.91891,0.88178,0.82628,0.75236,0.6615,0.55624,0.43979,0.31542,0.18578,0.052792,-0.081663,-0.21512,-0.34468,-0.46761,-0.58142,-0.68382,-0.77298,-0.84818,-0.91002,-0.95991,-0.99954,-1.0307,-1.0547,-1.0717,-1.0796,-1.0745,-1.0519,-1.0088,-0.94485,-0.86169,-0.762,-0.64864,-0.52446,-0.39245,-0.2556,-0.11678,0.021085,0.15473,0.28065,0.39544,0.49587,0.57869,0.64087,0.68038,0.69699,0.69273,0.67204,0.64137,0.60814,0.57895,0.5577,0.54486,0.53846,0.53585,0.53498,0.53475,0.5347,0.53469,0.53469,0.53469,0.53469,0.53468,0.53463,0.53431,0.53282,0.52736,0.51159,0.47564,0.41097,0.31903,0,0,0,0,0,0,0,0,0,0,0,0,0,0,0,0,0,0,0,0,1
0,0,0,0,0,0.69675,0.93398,1.1302,1.2662,1.3349,1.3385,1.2931,1.224,1.1506,1.0804,1.0121,0.93994,0.85747,0.76492,0.67425,0.60041,0.54669,0.503,0.45956,0.41875,0.39056,0.37764,0.36869,0.34908,0.31777,0.28963,0.277,0.27162,0.25111,0.2033,0.1385,0.077988,0.035988,0.013533,0.0041262,0.0010146,0.00020017,3.1528e-05,3.9468e-06,3.9115e-07,3.0589e-08,1.8825e-09,9.0978e-11,3.447e-12,1.0184e-13,3.9171e-15,0,0,0,0,0,0,0,0,0,0,0,0,0,0,0,0,0,0,0,0,0,0,0,0,0,0,0,0,0,0,0,0,0,0,0,0,0,0,0,0,0,0,0,0,0,0,0,0,0,0,-1.5668e-14,-6.1106e-13,-2.0498e-11,-5.4302e-10,-1.1285e-08,-1.8438e-07,-2.374e-06,-2.4161e-05,-0.00019507,-0.0012549,-0.0064641,-0.026809,-0.09006,-0.24656,-0.55361,-1.0262,-1.5828,-2.0543,-2.2847,-2.2455,-2.0455,-1.83,-1.6827,-1.6097,-1.5825,-1.5747,-1.573,-1.5727,-1.5726,-1.5726,-1.5726,-1.5724,-1.5715,-1.5671,-1.5511,-1.5047,-1.3989,-1.2087,-0.93832,0,0,0,0,0,0,0,0,0,0,0,0,0,0,0,0,0,0,0,0,1
0,0,0,0,0,0.043604,0.047179,0.039355,0.017666,-0.018574,-0.067365,-0.12363,-0.18126,-0.23609,-0.28701,-0.33456,-0.37934,-0.42133,-0.46024,-0.49581,-0.5281,-0.5576,-0.58534,-0.6125,-0.63977,-0.66743,-0.69583,-0.72577,-0.75794,-0.792,-0.82651,-0.85959,-0.88955,-0.91465,-0.93259,-0.94054,-0.93562,-0.91534,-0.87734,-0.8191,-0.73834,-0.63439,-0.50957,-0.36919,-0.22012,-0.06867,0.080214,0.2221,0.35256,0.46874,0.57096,0.66178,0.74316,0.81469,0.87397,0.91801,0.94436,0.95172,0.94043,0.91277,0.87275,0.82514,0.77471,0.72581,0.68201,0.64541,0.61612,0.59248,0.57205,0.55228,0.5306,0.50419,0.47023,0.42644,0.3717,0.30635,0.23249,0.15395,0.074611,-0.0043779,-0.084933,-0.16853,-0.25256,-0.33063,-0.39592,-0.44389,-0.4729,-0.48368,-0.47865,-0.4615,-0.43685,-0.41003,-0.38652,-0.37049,-0.36293,-0.361,-0.35918,-0.35156,-0.33339,-0.30132,-0.25305,-0.18728,-0.10376,-0.0031865,0.11263,0.24009,0.37402,0.50922,0.64132,0.766,0.87749,0.96846,1.0313,1.0601,1.0514,1.0052,0.92521,0.81951,0.70162,0.58966,0.50199,0.44961,0.43073,0.43308,0.44254,0.45049,0.45475,0.45641,0.45689,0.457,0.45702,0.45703,0.45703,0.45702,0.45697,0.4567,0.45543,0.45077,0.43728,0.40655,0.35128,0.27269,0,0,0,0,0,0,0,0,0,0,0,0,0,0,0,0,0,0,1
0,0,0,0,0,0.009029,0.019951,0.037132,0.059413,0.083801,0.10718,0.12781,0.14511,0.15836,0.16595,0.16598,0.15721,0.13952,0.11326,0.07868,0.035767,-0.015113,-0.072767,-0.13548,-0.2017,-0.27018,-0.3396,-0.40829,-0.47459,-0.53746,-0.59667,-0.65235,-0.70457,-0.7534,-0.79922,-0.84254,-0.88317,-0.91953,-0.94874,-0.96749,-0.97273,-0.96199,-0.93326,-0.88533,-0.81855,-0.73533,-0.63955,-0.53516,-0.42527,-0.31208,-0.19707,-0.081246,0.03431,0.14793,0.25736,0.36027,0.45449,0.53798,0.60911,0.66728,0.71314,0.74842,0.77547,0.79706,0.81599,0.83476,0.85493,0.87626,0.89639,0.91122,0.91596,0.90596,0.8772,0.82692,0.75466,0.66293,0.55675,0.44184,0.32249,0.20054,0.076277,-0.049489,-0.17407,-0.29355,-0.40461,-0.50539,-0.59495,-0.67243,-0.73706,-0.78892,-0.82989,-0.86383,-0.89533,-0.92742,-0.95984,-0.98942,-1.0118,-1.0231,-1.0199,-0.99936,-0.95917,-0.89868,-0.81901,-0.72262,-0.61254,-0.49188,-0.36361,-0.23027,-0.094179,0.041909,0.17412,0.29789,0.40889,0.50346,0.57809,0.62954,0.65592,0.65809,0.64038,0.61014,0.57626,0.54672,0.52609,0.51464,0.50969,0.5081,0.50775,0.50771,0.50772,0.50773,0.50773,0.50773,0.50773,0.50772,0.50767,0.50737,0.50596,0.50077,0.48579,0.45166,0.39025,0.30294,0,0,0,0,0,0,0,0,0,0,0,0,0,0,0,0,0,0,1
0,0,0,0,0,0.89824,1.1607,1.3364,1.4176,1.4286,1.3976,1.3398,1.2576,1.149,1.0196,0.88918,0.7813,0.70434,0.64382,0.57869,0.50535,0.44109,0.40126,0.38016,0.36102,0.33861,0.3218,0.31628,0.31438,0.30439,0.28535,0.26931,0.26831,0.27862,0.27943,0.2504,0.19097,0.12086,0.062649,0.026411,0.0090152,0.0024842,0.00055129,9.8324e-05,1.4065e-05,1.6101e-06,1.4719e-07,1.0719e-08,6.2022e-10,2.8446e-11,1.0341e-12,3.1337e-14,0,0,0,0,0,0,0,0,0,0,0,0,0,0,0,0,0,0,0,0,0,0,0,0,0,0,0,0,0,0,0,0,0,0,0,0,0,0,0,0,0,0,0,0,0,0,0,0,0,0,0,-1.9585e-14,-7.4033e-13,-2.4948e-11,-6.5842e-10,-1.362e-08,-2.2125e-07,-2.8287e-06,-2.8547e-05,-0.00022819,-0.001451,-0.007378,-0.030174,-0.099914,-0.26974,-0.59805,-1.0971,-1.6794,-2.1696,-2.4086,-2.3681,-2.1605,-1.936,-1.7818,-1.7052,-1.6765,-1.6682,-1.6664,-1.6661,-1.666,-1.666,-1.666,-1.6658,-1.6648,-1.6602,-1.6432,-1.5941,-1.482,-1.2805,-0.99407,0,0,0,0,0,0,0,0,0,0,0,0,0,0,0,0,0,0,1
0,0,0,0.019782,0.017592,0.012361,0.0067936,0.0025994,-0.00060051,-0.0049172,-0.013353,-0.028651,-0.051844,-0.081661,-0.1158,-0.153,-0.19372,-0.23921,-0.29008,-0.34588,-0.4056,-0.46855,-0.53461,-0.60389,-0.67616,-0.7506,-0.82561,-0.89875,-0.96667,-1.0254,-1.0709,-1.0998,-1.1099,-1.1006,-1.0728,-1.0283,-0.96937,-0.89897,-0.82033,-0.73656,-0.64963,-0.56018,-0.46797,-0.37279,-0.27513,-0.17647,-0.077799,0.02226,0.12683,0.23726,0.35107,0.46393,0.57245,0.67454,0.76807,0.84993,0.91655,0.96531,0.99562,1.009,1.0081,0.99539,0.97314,0.94322,0.90782,0.86944,0.83014,0.79061,0.75005,0.70703,0.66063,0.61084,0.55802,0.50226,0.44333,0.38138,0.31734,0.25294,0.19094,0.13543,0.090763,0.058631,0.0361,0.016923,-0.0053336,-0.035234,-0.074951,-0.12473,-0.18433,-0.25405,-0.33368,-0.42032,-0.50795,-0.58893,-0.65592,-0.70293,-0.72597,-0.72334,-0.69548,-0.64437,-0.57302,-0.48553,-0.38719,-0.28411,-0.18217,-0.085058,0.007397,0.098262,0.19043,0.28488,0.38165,0.48092,0.58238,0.68404,0.78221,0.87228,0.94917,1.0077,1.0429,1.0511,1.0304,0.98071,0.90393,0.80438,0.69017,0.57358,0.46962,0.39196,0.34731,0.33197,0.33444,0.3426,0.34929,0.35283,0.3542,0.3546,0.35469,0.3547,0.35471,0.35471,0.3547,0.35467,0.35445,0.35347,0.34985,0.33938,0.31553,0.27263,0.21164,0,0,0,0,0,0,0,0,0,0,0,1
0,0,0,0.0010538,0.0032242,0.0080521,0.016747,0.029781,0.046719,0.066726,0.089077,0.11317,0.13827,0.16348,0.18781,0.21023,0.22934,0.24296,0.24827,0.24246,0.22341,0.18965,0.14008,0.07363,-0.010546,-0.11212,-0.22843,-0.35433,-0.48358,-0.61012,-0.72846,-0.83384,-0.92243,-0.99164,-1.0403,-1.0687,-1.0785,-1.0728,-1.0545,-1.0271,-0.99335,-0.95513,-0.9135,-0.86869,-0.82039,-0.76806,-0.71107,-0.6486,-0.57962,-0.50292,-0.41741,-0.32218,-0.21687,-0.10207,0.020338,0.14723,0.27469,0.39849,0.51463,0.61964,0.71094,0.7873,0.84918,0.89851,0.93784,0.96942,0.99445,1.0128,1.0232,1.0235,1.0109,0.98218,0.93494,0.86831,0.78406,0.68642,0.58093,0.47326,0.36861,0.27171,0.18687,0.1177,0.066305,0.032127,0.011017,-0.0045297,-0.024147,-0.057532,-0.1117,-0.18881,-0.2863,-0.39908,-0.52137,-0.64683,-0.7682,-0.87764,-0.9682,-1.0354,-1.0779,-1.097,-1.0955,-1.0764,-1.0426,-0.99583,-0.93724,-0.86796,-0.78969,-0.70436,-0.61329,-0.51704,-0.41575,-0.30962,-0.19886,-0.083644,0.03537,0.15622,0.2755,0.38921,0.49378,0.58611,0.66279,0.71992,0.75431,0.76516,0.75495,0.72901,0.69422,0.65777,0.62586,0.60243,0.58821,0.5812,0.57846,0.57761,0.57741,0.57738,0.57737,0.57737,0.57737,0.57737,0.57736,0.57731,0.57696,0.57536,0.56946,0.55243,0.51361,0.44378,0.3445,0,0,0,0,0,0,0,0,0,0,0,1
0,0,0,0.79912,1.0408,1.2281,1.3487,1.4039,1.4021,1.3589,1.293,1.2153,1.1258,1.0241,0.91807,0.81783,0.72701,0.64514,0.57368,0.51534,0.47207,0.44441,0.4263,0.40308,0.36485,0.32008,0.2861,0.26643,0.24627,0.21056,0.15936,0.10474,0.059129,0.028288,0.011276,0.0036818,0.0009703,0.00020414,3.4023e-05,4.4679e-06,4.6068e-07,3.7207e-08,2.35e-09,1.1594e-10,4.4615e-12,1.371e-13,3.9171e-15,0,0,0,0,0,0,0,0,0,0,0,0,0,0,0,0,0,0,0,0,0,0,0,0,0,0,0,0,0,0,0,0,0,0,0,0,0,0,0,0,0,0,0,0,0,0,0,0,0,0,0,0,0,0,0,0,0,0,0,0,0,0,-7.8341e-15,-3.2903e-13,-1.1285e-11,-3.0152e-10,-6.3369e-09,-1.0497e-07,-1.3745e-06,-1.4277e-05,-0.00011813,-0.00078227,-0.0041695,-0.017999,-0.06336,-0.18324,-0.43872,-0.87651,-1.4732,-2.1022,-2.5785,-2.7713,-2.6921,-2.4719,-2.2543,-2.1117,-2.0429,-2.0176,-2.0105,-2.0089,-2.0086,-2.0086,-2.0086,-2.0086,-2.0083,-2.0072,-2.0016,-1.9811,-1.9218,-1.7868,-1.5438,-1.1985,0,0,0,0,0,0,0,0,0,0,0,1
0,0,0,-0.033141,-0.061138,-0.095795,-0.13057,-0.15973,-0.18186,-0.19908,-0.2137,-0.22638,-0.23718,-0.24687,-0.25665,-0.26702,-0.27776,-0.28937,-0.30428,-0.32632,-0.35884,-0.40343,-0.46019,-0.52876,-0.6085,-0.69784,-0.79368,-0.89206,-0.98936,-1.0829,-1.17,-1.2468,-1.3077,-1.3465,-1.3575,-1.3367,-1.2815,-1.1916,-1.0696,-0.92104,-0.75433,-0.57862,-0.40226,-0.23141,-0.069351,0.083205,0.22632,0.35953,0.48247,0.59585,0.70095,0.79809,0.88572,0.96093,1.0209,1.0638,1.0891,1.0975,1.0912,1.0739,1.0511,1.0286,1.012,1.0048,1.0077,1.017,1.0264,1.0287,1.0174,0.98767,0.93661,0.86367,0.77116,0.66375,0.54693,0.42593,0.3058,0.19123,0.084685,-0.015305,-0.11223,-0.20719,-0.29708,-0.37734,-0.44525,-0.50033,-0.54296,-0.57323,-0.59117,-0.5976,-0.59473,-0.58575,-0.57384,-0.5613,-0.54928,-0.53796,-0.52661,-0.5134,-0.49515,-0.46777,-0.42749,-0.37189,-0.3001,-0.21243,-0.11013,0.0047537,0.12992,0.26331,0.40327,0.54835,0.69629,0.84255,0.97942,1.0968,1.1843,1.2329,1.2368,1.1935,1.1053,0.98006,0.8318,0.67959,0.5448,0.44565,0.39026,0.37289,0.37793,0.38952,0.39864,0.40339,0.4052,0.40573,0.40584,0.40586,0.40587,0.40587,0.40586,0.40582,0.40558,0.40445,0.40031,0.38833,0.36104,0.31196,0.24217,0,0,0,0,0,0,0,0,0,0,0,0,0,0,0,1
0,0,0,0.070476,0.096254,0.11898,0.13756,0.15316,0.16725,0.17995,0.19001,0.19604,0.19756,0.19492,0.18815,0.17615,0.1572,0.13017,0.095089,0.052476,0.0023783,-0.055702,-0.12195,-0.19553,-0.27481,-0.35802,-0.44361,-0.53032,-0.61738,-0.70444,-0.79094,-0.87512,-0.95348,-1.0214,-1.0747,-1.11,-1.1258,-1.1218,-1.0992,-1.0611,-1.0116,-0.95529,-0.89584,-0.83548,-0.77451,-0.71146,-0.64388,-0.56926,-0.48566,-0.39217,-0.28915,-0.17828,-0.061814,0.058402,0.18086,0.30323,0.42203,0.53374,0.63617,0.72879,0.81231,0.88821,0.9583,1.0243,1.0871,1.1458,1.1971,1.2357,1.2556,1.2516,1.2206,1.1622,1.0786,0.97345,0.85232,0.72195,0.5895,0.46077,0.33874,0.22338,0.11291,0.0056041,-0.099192,-0.2013,-0.30033,-0.39574,-0.48634,-0.57028,-0.64561,-0.71127,-0.76749,-0.81582,-0.85862,-0.89844,-0.93742,-0.97659,-1.0152,-1.0506,-1.0783,-1.0929,-1.0891,-1.0627,-1.0111,-0.93454,-0.83549,-0.71805,-0.58668,-0.44531,-0.29713,-0.14484,0.0087728,0.1602,0.30506,0.4385,0.5556,0.65149,0.72168,0.76302,0.77519,0.76141,0.72791,0.68257,0.63379,0.58951,0.55565,0.53434,0.52372,0.51979,0.51886,0.51883,0.51891,0.51895,0.51896,0.51896,0.51896,0.51896,0.51895,0.5189,0.51859,0.51715,0.51185,0.49654,0.46165,0.39888,0.30965,0,0,0,0,0,0,0,0,0,0,0,0,0,0,0,1
0,0,0,0.85295,1.1209,1.3126,1.4066,1.4144,1.3634,1.2812,1.1861,1.0877,0.99238,0.90779,0.83918,0.78507,0.73898,0.69373,0.64198,0.57733,0.50157,0.43048,0.3833,0.36202,0.34699,0.31639,0.26616,0.21178,0.17612,0.17348,0.19781,0.22448,0.22716,0.19635,0.14346,0.088836,0.047029,0.021493,0.0085241,0.0029205,0.00085208,0.00020758,4.142e-05,6.6653e-06,8.5525e-07,8.6835e-08,6.9407e-09,4.3525e-10,2.1368e-11,8.1867e-13,2.3502e-14,0,0,0,0,0,0,0,0,0,0,0,0,0,0,0,0,0,0,0,0,0,0,0,0,0,0,0,0,0,0,0,0,0,0,0,0,0,0,0,0,0,0,0,0,0,0,0,0,0,0,0,0,0,0,-7.8341e-15,-3.9562e-13,-1.34e-11,-3.5721e-10,-7.4824e-09,-1.2344e-07,-1.6085e-06,-1.6611e-05,-0.0001365,-0.00089685,-0.0047376,-0.020248,-0.070508,-0.20156,-0.4768,-0.94102,-1.5629,-2.2058,-2.6808,-2.8627,-2.7729,-2.5483,-2.3316,-2.1915,-2.1246,-2.1003,-2.0934,-2.0919,-2.0917,-2.0916,-2.0916,-2.0916,-2.0914,-2.0901,-2.0843,-2.063,-2.0013,-1.8606,-1.6077,-1.248,0,0,0,0,0,0,0,0,0,0,0,0,0,0,0,1
0,0,0,0,0,-0.068623,-0.079307,-0.080042,-0.074261,-0.067843,-0.065648,-0.07074,-0.084972,-0.10906,-0.14254,-0.1844,-0.23385,-0.2904,-0.35334,-0.42144,-0.49311,-0.56685,-0.6417,-0.71743,-0.79441,-0.87326,-0.95411,-1.0359,-1.1159,-1.1901,-1.253,-1.2981,-1.318,-1.3059,-1.2567,-1.1684,-1.0432,-0.88716,-0.70923,-0.51942,-0.32708,-0.14,0.035188,0.19292,0.33025,0.44863,0.55312,0.6492,0.74007,0.82608,0.90554,0.97561,1.0328,1.0732,1.094,1.0942,1.0755,1.0425,1.001,0.95724,0.91626,0.88105,0.85217,0.82794,0.80521,0.78043,0.75053,0.71327,0.66733,0.61271,0.55094,0.48467,0.41684,0.34985,0.2853,0.22411,0.16671,0.1126,0.058786,-0.00048685,-0.07093,-0.15421,-0.24707,-0.34378,-0.43849,-0.52574,-0.60065,-0.65962,-0.70087,-0.72406,-0.72963,-0.71872,-0.69306,-0.65431,-0.60301,-0.53841,-0.45935,-0.36576,-0.2593,-0.14237,-0.01661,0.11706,0.25679,0.39922,0.54077,0.67885,0.81111,0.93383,1.0411,1.1256,1.1797,1.1973,1.1756,1.1155,1.0226,0.907,0.78298,0.66797,0.57866,0.52457,0.50328,0.50287,0.50999,0.51642,0.51994,0.52132,0.52172,0.52181,0.52183,0.52183,0.52183,0.52182,0.52177,0.52146,0.52001,0.51468,0.49928,0.4642,0.40109,0.31136,0,0,0,0,0,0,0,0,0,0,0,0,0,0,0,0,0,0,0,0,1
0,0,0,0,0,0.03162,0.050555,0.07318,0.097794,0.12239,0.1451,0.16444,0.17921,0.18824,0.19038,0.18448,0.16946,0.1449,0.11161,0.071273,0.024942,-0.028205,-0.089988,-0.16113,-0.24084,-0.32853,-0.42492,-0.53107,-0.64652,-0.76847,-0.89176,-1.0093,-1.1124,-1.1919,-1.2392,-1.2485,-1.2176,-1.1494,-1.0511,-0.93215,-0.80272,-0.67156,-0.54497,-0.42617,-0.31522,-0.20969,-0.106,-0.00088829,0.10745,0.21854,0.32952,0.43593,0.53323,0.61793,0.68789,0.74223,0.7814,0.80743,0.82376,0.83426,0.8423,0.8501,0.85879,0.86858,0.87866,0.88719,0.89168,0.8898,0.87981,0.86057,0.83123,0.79108,0.73954,0.67634,0.60183,0.51716,0.42398,0.3235,0.21541,0.097555,-0.032857,-0.17698,-0.33255,-0.49411,-0.65505,-0.80923,-0.95089,-1.0739,-1.1722,-1.2426,-1.286,-1.3069,-1.3106,-1.2999,-1.2749,-1.2338,-1.1751,-1.0985,-1.005,-0.8971,-0.77756,-0.64959,-0.51639,-0.38075,-0.24467,-0.10938,0.024212,0.15469,0.2797,0.39605,0.5001,0.58803,0.65637,0.70278,0.72668,0.72963,0.71534,0.68952,0.65906,0.63043,0.60804,0.59333,0.58525,0.58156,0.58017,0.57975,0.57964,0.57962,0.57962,0.57962,0.57962,0.57961,0.57955,0.57921,0.5776,0.57168,0.55458,0.51561,0.44551,0.34584,0,0,0,0,0,0,0,0,0,0,0,0,0,0,0,0,0,0,0,0,1
0,0,0,0,0,0.58941,0.72221,0.80035,0.84298,0.87727,0.91388,0.9473,0.96892,0.97414,0.96324,0.94098,0.91253,0.87719,0.82922,0.76635,0.69501,0.62581,0.56618,0.51858,0.4827,0.45532,0.42987,0.40185,0.37413,0.35066,0.3252,0.28414,0.22215,0.15087,0.091533,0.059923,0.055847,0.06413,0.067579,0.06122,0.052638,0.048735,0.047672,0.045622,0.044031,0.045436,0.048151,0.049844,0.051263,0.052636,0.051648,0.048424,0.04704,0.048823,0.050197,0.050641,0.055944,0.06933,0.085593,0.097844,0.10401,0.10341,0.093149,0.071976,0.043362,0.01268,-0.014736,-0.032085,-0.031949,-0.010223,0.03211,0.090658,0.15826,0.2217,0.26066,0.25759,0.21245,0.1452,0.081739,0.03769,0.014156,0.004307,0.0010559,0.00020751,3.2543e-05,4.0557e-06,4.0023e-07,3.1177e-08,1.9121e-09,9.2129e-11,3.4862e-12,1.0184e-13,0,0,0,0,0,0,0,-3.9171e-15,-9.0093e-14,-3.3608e-12,-9.73e-11,-2.2368e-09,-4.0865e-08,-5.9395e-07,-6.8745e-06,-6.3431e-05,-0.00046725,-0.0027538,-0.013027,-0.049696,-0.1539,-0.39047,-0.82124,-1.4528,-2.1971,-2.8888,-3.3596,-3.5249,-3.4272,-3.2012,-2.9827,-2.8396,-2.7702,-2.7445,-2.7371,-2.7355,-2.7352,-2.7352,-2.7352,-2.7352,-2.7349,-2.7333,-2.7256,-2.6977,-2.617,-2.4331,-2.1023,-1.632,0,0,0,0,0,0,0,0,0,0,0,0,0,0,0,0,0,0,0,0,1
0,0,0,0,0.043202,0.053978,0.058742,0.055477,0.043913,0.024671,-0.0023208,-0.038495,-0.085075,-0.14076,-0.20182,-0.26456,-0.32721,-0.38923,-0.45019,-0.50932,-0.56583,-0.61926,-0.66991,-0.71902,-0.76851,-0.82021,-0.87518,-0.93324,-0.99288,-1.0515,-1.1056,-1.151,-1.1821,-1.1933,-1.1797,-1.1383,-1.0685,-0.9721,-0.85301,-0.7169,-0.57078,-0.42178,-0.27586,-0.13702,-0.0076797,0.11087,0.21864,0.31729,0.40943,0.49729,0.58187,0.66296,0.73936,0.80913,0.86985,0.91917,0.95514,0.97644,0.98287,0.9758,0.9578,0.93177,0.90013,0.86473,0.82688,0.7874,0.74635,0.70294,0.65596,0.60449,0.5483,0.48762,0.4229,0.35523,0.28684,0.22118,0.16201,0.1115,0.068513,0.028569,-0.014289,-0.065241,-0.12724,-0.20058,-0.28351,-0.37299,-0.46505,-0.55478,-0.63677,-0.70588,-0.75798,-0.79031,-0.80171,-0.79245,-0.76348,-0.7161,-0.65198,-0.57312,-0.48155,-0.37942,-0.26937,-0.15406,-0.035267,0.086425,0.21068,0.33684,0.46425,0.59238,0.71962,0.84229,0.95472,1.0506,1.1238,1.1691,1.1823,1.1616,1.1089,1.0305,0.93702,0.84273,0.76279,0.70803,0.68006,0.67167,0.67263,0.67556,0.67754,0.67838,0.67864,0.67871,0.67872,0.67872,0.67872,0.67871,0.67864,0.67824,0.67635,0.66942,0.6494,0.60376,0.52168,0.40497,0,0,0,0,0,0,0,0,0,0,0,0,0,0,0,0,0,0,1
0,0,0,0,0.061311,0.079343,0.094002,0.10536,0.11424,0.12105,0.12581,0.12874,0.1306,0.13219,0.13329,0.13223,0.12668,0.11496,0.096488,0.071153,0.038562,-0.0019035,-0.050276,-0.10545,-0.16565,-0.22947,-0.29653,-0.36711,-0.44137,-0.51896,-0.59896,-0.6797,-0.75858,-0.8321,-0.89637,-0.94792,-0.98456,-1.0058,-1.013,-1.008,-0.99284,-0.96913,-0.93762,-0.89834,-0.85042,-0.7923,-0.7223,-0.63929,-0.54304,-0.4342,-0.31441,-0.18608,-0.052051,0.084859,0.22183,0.35588,0.4838,0.6023,0.70829,0.7993,0.87386,0.93193,0.97504,1.0057,1.0265,1.0385,1.0413,1.0332,1.012,0.97593,0.92375,0.85483,0.76972,0.67108,0.564,0.45518,0.35099,0.25568,0.17056,0.094033,0.021898,-0.051909,-0.13358,-0.22742,-0.33478,-0.45437,-0.5827,-0.71419,-0.84149,-0.95682,-1.0539,-1.1295,-1.183,-1.2153,-1.2281,-1.2234,-1.203,-1.168,-1.1191,-1.0561,-0.97917,-0.88908,-0.78718,-0.67478,-0.55298,-0.42318,-0.28747,-0.1486,-0.0094416,0.12728,0.25899,0.3831,0.49695,0.59779,0.68299,0.75044,0.79915,0.82936,0.84215,0.83914,0.82285,0.79772,0.7702,0.74669,0.73072,0.72207,0.71836,0.71709,0.71675,0.71667,0.71666,0.71666,0.71666,0.71665,0.71658,0.71615,0.71416,0.70684,0.6857,0.63752,0.55084,0.42761,0,0,0,0,0,0,0,0,0,0,0,0,0,0,0,0,0,0,1
0,0,0,0,0.72513,0.93021,1.0749,1.1558,1.1865,1.1782,1.1346,1.0597,0.96338,0.8587,0.75973,0.68121,0.63174,0.60433,0.58074,0.54895,0.51111,0.47404,0.4403,0.40964,0.38099,0.35298,0.32904,0.31842,0.32354,0.32994,0.3188,0.28932,0.2612,0.25381,0.26769,0.28622,0.28936,0.26455,0.21161,0.14217,0.072843,0.016397,-0.020455,-0.032685,-0.016172,0.02356,0.064426,0.078541,0.054426,0.0063754,-0.038163,-0.058077,-0.048948,-0.021372,0.0091957,0.033338,0.049482,0.058627,0.063124,0.068139,0.076697,0.084339,0.084901,0.079402,0.073303,0.068228,0.062916,0.058866,0.058063,0.058097,0.056418,0.056645,0.063321,0.072197,0.072722,0.060011,0.039632,0.020846,0.0087265,0.0029042,0.00076691,0.0001603,2.6448e-05,3.4362e-06,3.5077e-07,2.8082e-08,1.7605e-09,8.6332e-11,3.306e-12,9.7927e-14,3.9171e-15,0,0,0,0,0,0,0,0,0,0,0,0,-4.7005e-14,-1.9311e-12,-5.8662e-11,-1.4152e-09,-2.7101e-08,-4.1205e-07,-4.9764e-06,-4.7786e-05,-0.00036545,-0.0022315,-0.010918,-0.043001,-0.13711,-0.35632,-0.76064,-1.3454,-1.9926,-2.5049,-2.7281,-2.6586,-2.4292,-2.1954,-2.0397,-1.9638,-1.9357,-1.9277,-1.9259,-1.9256,-1.9255,-1.9255,-1.9255,-1.9253,-1.9242,-1.9188,-1.8992,-1.8423,-1.7129,-1.48,-1.1489,0,0,0,0,0,0,0,0,0,0,0,0,0,0,0,0,0,0,1
0,0,0,0,0,0,0,0,0,0,0,0.11882,0.11173,0.066521,-0.008727,-0.094992,-0.17306,-0.23192,-0.27074,-0.29483,-0.3098,-0.31828,-0.32029,-0.31553,-0.30516,-0.2921,-0.28022,-0.27339,-0.27481,-0.28684,-0.31114,-0.34867,-0.39934,-0.46133,-0.53083,-0.60252,-0.67074,-0.73032,-0.77631,-0.80326,-0.80584,-0.78081,-0.72871,-0.65346,-0.56067,-0.45628,-0.34629,-0.23681,-0.13294,-0.037303,0.049771,0.12858,0.19903,0.26121,0.31644,0.36739,0.41736,0.46913,0.52429,0.58374,0.64816,0.71734,0.78875,0.85718,0.91631,0.96093,0.98824,0.99811,0.99279,0.97622,0.95271,0.92556,0.89658,0.86658,0.83557,0.80255,0.76538,0.72167,0.6697,0.60876,0.53866,0.45941,0.37154,0.27702,0.1794,0.082002,-0.014549,-0.11172,-0.20955,-0.30466,-0.39245,-0.47006,-0.5371,-0.59454,-0.64369,-0.68557,-0.72077,-0.74987,-0.77388,-0.79421,-0.81206,-0.82772,-0.8402,-0.84747,-0.84728,-0.83781,-0.81759,-0.78494,-0.73804,-0.67558,-0.59753,-0.50629,-0.40864,-0.31687,-0.24584,-0.20561,-0.19495,-0.20252,-0.215,-0.22447,-0.22936,-0.23123,-0.23178,-0.2319,-0.23192,-0.23192,-0.23192,-0.23192,-0.2319,-0.23176,-0.23111,-0.22875,-0.2219,-0.20631,-0.17826,-0.13838,0,0,0,0,0,0,0,0,0,0,0,0,0,0,0,0,0,0,0,0,0,0,0,0,2
0,0,0,0,0,0,0,0,0,0,0,0.14824,0.18321,0.19477,0.17692,0.12954,0.056082,-0.037718,-0.14485,-0.25904,-0.37656,-0.49606,-0.61676,-0.73718,-0.85545,-0.97084,-1.0846,-1.1994,-1.3173,-1.4386,-1.5613,-1.6822,-1.7969,-1.9008,-1.9893,-2.0571,-2.0992,-2.1111,-2.09,-2.0346,-1.9456,-1.8248,-1.675,-1.5005,-1.3074,-1.1037,-0.89735,-0.695,-0.49966,-0.31085,-0.12631,0.055585,0.23451,0.40854,0.57531,0.73258,0.87802,1.0088,1.1217,1.2133,1.281,1.3227,1.3378,1.3265,1.2891,1.226,1.1382,1.0296,0.90663,0.77766,0.65009,0.52924,0.41833,0.31909,0.23184,0.15535,0.087082,0.023878,-0.037262,-0.098726,-0.16238,-0.22988,-0.30249,-0.3805,-0.46285,-0.54751,-0.63176,-0.71236,-0.78589,-0.84943,-0.90092,-0.93854,-0.9604,-0.96517,-0.95325,-0.92691,-0.88914,-0.84248,-0.78889,-0.73037,-0.66932,-0.60802,-0.54757,-0.48767,-0.42727,-0.36532,-0.30101,-0.23351,-0.1617,-0.08404,0.00089296,0.092251,0.18376,0.26292,0.31558,0.33451,0.32497,0.30167,0.27915,0.26447,0.2574,0.2548,0.25406,0.2539,0.25387,0.25386,0.25386,0.25386,0.25383,0.25368,0.25298,0.25039,0.2429,0.22583,0.19512,0.15147,0,0,0,0,0,0,0,0,0,0,0,0,0,0,0,0,0,0,0,0,0,0,0,0,2
0,0,0,0,0,0,0,0,0,0,0,0.50126,0.71238,0.91116,1.0637,1.1472,1.1596,1.1195,1.0535,0.97949,0.90094,0.81751,0.73459,0.65964,0.59423,0.53491,0.47792,0.41853,0.35091,0.27579,0.20546,0.15592,0.13504,0.1391,0.15518,0.16506,0.15491,0.12642,0.095463,0.079159,0.086234,0.11456,0.14992,0.17015,0.16049,0.12706,0.091272,0.071499,0.073267,0.091714,0.11486,0.1268,0.11693,0.087794,0.050691,0.015357,-0.01285,-0.028727,-0.026758,-0.007503,0.019256,0.043082,0.063098,0.084349,0.10638,0.12169,0.12388,0.11308,0.094681,0.075239,0.059023,0.047808,0.04333,0.047202,0.057407,0.068701,0.079615,0.095079,0.11732,0.13806,0.14673,0.14501,0.14669,0.16289,0.19162,0.21982,0.23032,0.21059,0.16465,0.11692,0.096303,0.11322,0.1546,0.19829,0.22575,0.22501,0.19318,0.14016,0.084528,0.041827,0.016797,0.0053183,0.00062099,-0.0036164,-0.015454,-0.049849,-0.13171,-0.2907,-0.54712,-0.89871,-1.3189,-1.7641,-2.1804,-2.5083,-2.6971,-2.7319,-2.6505,-2.5246,-2.4161,-2.3497,-2.3191,-2.3082,-2.3052,-2.3045,-2.3044,-2.3044,-2.3044,-2.3044,-2.3042,-2.3028,-2.2964,-2.2728,-2.2049,-2.0499,-1.7712,-1.375,0,0,0,0,0,0,0,0,0,0,0,0,0,0,0,0,0,0,0,0,0,0,0,0,2
0,0,0,0,0,0,0,0,0,0.22321,0.26316,0.26744,0.23645,0.17851,0.10207,0.012417,-0.08712,-0.19277,-0.29953,-0.40229,-0.49684,-0.57955,-0.6468,-0.6961,-0.72773,-0.74509,-0.75323,-0.75683,-0.75912,-0.76174,-0.76498,-0.76791,-0.76876,-0.76566,-0.75743,-0.744,-0.72617,-0.70481,-0.68028,-0.65238,-0.62018,-0.58184,-0.53535,-0.47989,-0.41669,-0.34827,-0.27712,-0.20535,-0.13531,-0.069563,-0.0095026,0.045604,0.098034,0.15073,0.20724,0.27129,0.34562,0.43113,0.52711,0.6314,0.73991,0.84628,0.9424,1.0199,1.072,1.0951,1.0886,1.055,0.99861,0.9249,0.8404,0.75205,0.66623,0.58772,0.51913,0.46116,0.41301,0.37262,0.33649,0.29989,0.25805,0.20791,0.14879,0.080892,0.0037185,-0.082935,-0.17634,-0.2709,-0.36129,-0.44466,-0.52012,-0.58761,-0.64736,-0.69975,-0.74476,-0.78144,-0.80798,-0.82251,-0.82438,-0.81462,-0.79547,-0.76945,-0.7387,-0.705,-0.66994,-0.63456,-0.59842,-0.55906,-0.51332,-0.46042,-0.40489,-0.35607,-0.32302,-0.3085,-0.30755,-0.31217,-0.31666,-0.3192,-0.32021,-0.32052,-0.32059,-0.3206,-0.3206,-0.3206,-0.3206,-0.32056,-0.32037,-0.31948,-0.31621,-0.30675,-0.28519,-0.24642,-0.19129,0,0,0,0,0,0,0,0,0,0,0,0,0,0,0,0,0,0,0,0,0,0,0,0,0,0,0,2
0,0,0,0,0,0,0,0,0,0.22227,0.2605,0.26151,0.22528,0.15872,0.067184,-0.048036,-0.18687,-0.34701,-0.52288,-0.70688,-0.89092,-1.0668,-1.2262,-1.3622,-1.4712,-1.5546,-1.6177,-1.6673,-1.7088,-1.7451,-1.7761,-1.8,-1.8136,-1.8147,-1.8018,-1.7755,-1.7375,-1.6903,-1.6355,-1.573,-1.5005,-1.4142,-1.3104,-1.1869,-1.0441,-0.88531,-0.71604,-0.5426,-0.37035,-0.20265,-0.040837,0.11558,0.2688,0.42234,0.5795,0.74101,0.90346,1.0603,1.2048,1.3321,1.4386,1.5199,1.5706,1.5861,1.565,1.509,1.4216,1.3072,1.1709,1.0198,0.86194,0.70499,0.55479,0.41446,0.28486,0.16535,0.054144,-0.051373,-0.15364,-0.25357,-0.35038,-0.44258,-0.52872,-0.6075,-0.67759,-0.73803,-0.78858,-0.82983,-0.86287,-0.88902,-0.90961,-0.92571,-0.93757,-0.94433,-0.94428,-0.93568,-0.91745,-0.88904,-0.8497,-0.79813,-0.73352,-0.6569,-0.57132,-0.48055,-0.38753,-0.29419,-0.20236,-0.1142,-0.031659,0.04316,0.10593,0.1497,0.16929,0.16701,0.15271,0.13735,0.12688,0.1217,0.11977,0.11922,0.11909,0.11907,0.11907,0.11907,0.11907,0.11906,0.11898,0.11865,0.11744,0.11392,0.10592,0.091519,0.071044,0,0,0,0,0,0,0,0,0,0,0,0,0,0,0,0,0,0,0,0,0,0,0,0,0,0,0,2
0,0,0,0,0,0,0,0,0,1.0239,1.3388,1.558,1.6452,1.6067,1.487,1.3476,1.2311,1.1436,1.0677,0.98731,0.89611,0.79468,0.68707,0.57963,0.48053,0.39976,0.3454,0.31481,0.29115,0.25482,0.20159,0.14748,0.11347,0.10703,0.11964,0.13744,0.14947,0.14975,0.13775,0.1167,0.089918,0.059985,0.031279,0.0090509,-0.0048442,-0.011867,-0.01204,-0.0037374,0.010409,0.022173,0.025171,0.020631,0.013996,0.0087635,0.0052569,0.0028605,0.0013088,0.00048019,0.00013837,3.108e-05,5.43e-06,7.3771e-07,7.7956e-08,6.4098e-09,4.1021e-10,2.0439e-11,7.9516e-13,2.3502e-14,0,0,0,0,0,0,0,0,0,0,0,0,0,0,0,0,0,0,0,0,0,0,0,-1.1751e-14,-2.8986e-13,-9.8632e-12,-2.6316e-10,-5.5155e-09,-9.1021e-08,-1.1858e-06,-1.2232e-05,-0.00010027,-0.00065592,-0.0034411,-0.014566,-0.050132,-0.14166,-0.33298,-0.66194,-1.1353,-1.7151,-2.3216,-2.8472,-3.1867,-3.2898,-3.1985,-3.0214,-2.8599,-2.7587,-2.7114,-2.6944,-2.6897,-2.6887,-2.6885,-2.6885,-2.6885,-2.6884,-2.6882,-2.6866,-2.6791,-2.6517,-2.5723,-2.3916,-2.0664,-1.6041,0,0,0,0,0,0,0,0,0,0,0,0,0,0,0,0,0,0,0,0,0,0,0,0,0,0,0,2
0,0,0,0,0,0,0,0,0,0.050421,0.068482,0.077796,0.074247,0.05867,0.034933,0.0060894,-0.027915,-0.06898,-0.11773,-0.17212,-0.22872,-0.28458,-0.33771,-0.38674,-0.43084,-0.46975,-0.50389,-0.53396,-0.56065,-0.58443,-0.60558,-0.62463,-0.64267,-0.66116,-0.68115,-0.70241,-0.72272,-0.7374,-0.73929,-0.72053,-0.67565,-0.60431,-0.51158,-0.40588,-0.29659,-0.19252,-0.10064,-0.025066,0.03284,0.073523,0.099294,0.11523,0.12858,0.14642,0.17349,0.2118,0.26139,0.3213,0.38964,0.46308,0.53691,0.60595,0.66569,0.71303,0.74666,0.76707,0.77638,0.77785,0.77491,0.76984,0.76276,0.75188,0.73489,0.71067,0.68002,0.64507,0.60818,0.57146,0.5371,0.50727,0.48328,0.46487,0.45041,0.43774,0.42466,0.40884,0.38754,0.35764,0.31608,0.26054,0.18982,0.10379,0.0032261,-0.10967,-0.23032,-0.35202,-0.46789,-0.57274,-0.66356,-0.73947,-0.8017,-0.85317,-0.89728,-0.9366,-0.97213,-1.0031,-1.0276,-1.0429,-1.0457,-1.0322,-0.99856,-0.94157,-0.86031,-0.75614,-0.63213,-0.49324,-0.34879,-0.21503,-0.11277,-0.057303,-0.047486,-0.065731,-0.090454,-0.1086,-0.11791,-0.12147,-0.1225,-0.12274,-0.12278,-0.12278,-0.12278,-0.12278,-0.12277,-0.1227,-0.12235,-0.1211,-0.11748,-0.10922,-0.094373,-0.073261,0,0,0,0,0,0,0,0,0,0,0,0,0,0,0,0,0,0,0,0,2
0,0,0,0,0,0,0,0,0,0.071299,0.08105,0.077828,0.061546,0.032339,-0.01287,-0.079594,-0.17205,-0.29059,-0.43213,-0.59153,-0.76251,-0.93792,-1.1103,-1.2728,-1.4204,-1.5502,-1.6613,-1.7541,-1.8288,-1.8852,-1.9227,-1.9403,-1.9382,-1.9184,-1.8852,-1.8433,-1.7955,-1.7409,-1.675,-1.5921,-1.4882,-1.3622,-1.215,-1.0494,-0.87068,-0.68707,-0.50766,-0.33945,-0.18505,-0.042753,0.091698,0.22293,0.35456,0.4889,0.62693,0.76812,0.91002,1.0482,1.1767,1.2895,1.3811,1.4472,1.4839,1.4882,1.4595,1.4003,1.3174,1.2189,1.1127,1.0044,0.89793,0.79538,0.69704,0.60147,0.50644,0.40986,0.3102,0.2064,0.098213,-0.013062,-0.1244,-0.23173,-0.33102,-0.41881,-0.49207,-0.54811,-0.58512,-0.60328,-0.60524,-0.59548,-0.57899,-0.56008,-0.54191,-0.52655,-0.51526,-0.50855,-0.50587,-0.50564,-0.50596,-0.50573,-0.50519,-0.50539,-0.50727,-0.51096,-0.51579,-0.52038,-0.52262,-0.51953,-0.50768,-0.48413,-0.44732,-0.39671,-0.3316,-0.25084,-0.15432,-0.045809,0.064892,0.16217,0.22939,0.25768,0.25235,0.22975,0.2065,0.19103,0.1835,0.18073,0.17994,0.17976,0.17973,0.17973,0.17973,0.17972,0.17971,0.1796,0.1791,0.17726,0.17196,0.15988,0.13814,0.10724,0,0,0,0,0,0,0,0,0,0,0,0,0,0,0,0,0,0,0,0,2
0,0,0,0,0,0,0,0,0,1.0413,1.3599,1.5596,1.6094,1.5395,1.4133,1.2863,1.1789,1.0815,0.97845,0.86576,0.75142,0.64624,0.55297,0.46518,0.38263,0.32222,0.30089,0.31002,0.31857,0.30011,0.24989,0.18226,0.12098,0.087064,0.084913,0.10009,0.11518,0.12421,0.1269,0.11688,0.087695,0.047027,0.01161,-0.011498,-0.026197,-0.03116,-0.017291,0.016135,0.055479,0.086168,0.1025,0.10332,0.088767,0.064155,0.038968,0.019398,0.0062264,-0.00045649,4.5966e-05,0.0054166,0.010244,0.010754,0.0072311,0.0021667,-0.0017877,-0.0028213,-0.0010554,0.001511,0.0030212,0.0031874,0.0025081,0.0013602,0.00030498,-1.6852e-05,0.00022007,0.00029995,0.00030571,0.0010489,0.0025389,0.00364,0.0034816,0.0023806,0.0012072,0.00046334,0.00013618,3.0856e-05,5.4121e-06,7.3659e-07,7.7901e-08,6.4078e-09,4.1015e-10,2.0439e-11,7.9125e-13,2.3502e-14,0,0,-3.9171e-15,-1.1359e-13,-3.7917e-12,-1.0262e-10,-2.1902e-09,-3.6961e-08,-4.9483e-07,-5.2754e-06,-4.4978e-05,-0.00030817,-0.0017058,-0.0076732,-0.02824,-0.085684,-0.21624,-0.45882,-0.82933,-1.298,-1.7933,-2.2339,-2.56,-2.7456,-2.7973,-2.75,-2.6556,-2.5616,-2.4945,-2.4576,-2.4415,-2.436,-2.4346,-2.4342,-2.4342,-2.4342,-2.4342,-2.4341,-2.4339,-2.4324,-2.4257,-2.4008,-2.329,-2.1654,-1.8709,-1.4524,0,0,0,0,0,0,0,0,0,0,0,0,0,0,0,0,0,0,0,0,2
0,0,0,0,0,0,0,0,0,0,0,0,-0.042905,-0.075437,-0.11359,-0.15123,-0.18484,-0.21471,-0.24251,-0.2686,-0.29193,-0.31141,-0.32702,-0.3399,-0.35196,-0.36531,-0.38183,-0.40277,-0.42857,-0.45903,-0.49379,-0.53254,-0.57472,-0.61894,-0.66291,-0.70406,-0.73988,-0.76767,-0.78395,-0.78451,-0.76571,-0.72604,-0.66665,-0.59073,-0.50263,-0.40726,-0.30935,-0.2123,-0.11732,-0.024252,0.06647,0.1527,0.23187,0.30323,0.36799,0.4275,0.48207,0.53203,0.57948,0.62805,0.68067,0.73743,0.79514,0.84845,0.89159,0.9198,0.93009,0.92141,0.89465,0.85256,0.79964,0.74157,0.68404,0.63125,0.58474,0.5434,0.5042,0.46304,0.41574,0.35911,0.2918,0.2146,0.12987,0.04055,-0.050661,-0.14108,-0.22744,-0.30641,-0.37593,-0.43611,-0.48866,-0.53595,-0.57992,-0.62166,-0.66173,-0.70082,-0.73978,-0.77871,-0.81649,-0.85115,-0.88039,-0.90182,-0.91279,-0.91042,-0.89185,-0.85481,-0.79798,-0.7208,-0.62337,-0.50801,-0.38268,-0.26357,-0.1716,-0.12163,-0.11229,-0.12735,-0.14778,-0.16259,-0.17008,-0.17291,-0.17373,-0.17391,-0.17394,-0.17394,-0.17394,-0.17394,-0.17392,-0.17382,-0.17334,-0.17156,-0.16643,-0.15473,-0.1337,-0.10379,0,0,0,0,0,0,0,0,0,0,0,0,0,0,0,0,0,0,0,0,0,0,0,0,0,0,2
0,0,0,0,0,0,0,0,0,0,0,0,0.061493,0.064585,0.049794,0.015354,-0.038548,-0.112,-0.20461,-0.31401,-0.43664,-0.56958,-0.71125,-0.8604,-1.0149,-1.1717,-1.327,-1.4781,-1.6223,-1.7566,-1.8766,-1.9769,-2.0522,-2.0976,-2.1098,-2.0881,-2.035,-1.9554,-1.8545,-1.7367,-1.6051,-1.4632,-1.3141,-1.1608,-1.0046,-0.84628,-0.68619,-0.52465,-0.36182,-0.19769,-0.031978,0.13588,0.30626,0.4785,0.65039,0.81841,0.97835,1.1259,1.2573,1.3691,1.4581,1.5208,1.5536,1.5538,1.5191,1.4488,1.3445,1.2108,1.0559,0.88951,0.72107,0.55796,0.4051,0.26498,0.13778,0.021938,-0.085115,-0.18608,-0.28287,-0.37603,-0.46491,-0.54827,-0.62493,-0.69404,-0.75504,-0.80743,-0.85047,-0.88294,-0.9033,-0.91052,-0.90497,-0.88838,-0.86276,-0.82956,-0.79007,-0.74648,-0.70224,-0.66065,-0.623,-0.58822,-0.55394,-0.51762,-0.47701,-0.43036,-0.37649,-0.31468,-0.24416,-0.16395,-0.073586,0.024818,0.124,0.2109,0.27067,0.29497,0.28845,0.2662,0.24371,0.2288,0.22155,0.21888,0.21812,0.21795,0.21792,0.21792,0.21792,0.21792,0.21789,0.21776,0.21716,0.21493,0.2085,0.19385,0.1675,0.13002,0,0,0,0,0,0,0,0,0,0,0,0,0,0,0,0,0,0,0,0,0,0,0,0,0,0,2
0,0,0,0,0,0,0,0,0,0,0,0,0.82961,1.0602,1.1955,1.2249,1.1771,1.0915,0.99629,0.90442,0.82126,0.7486,0.68382,0.6214,0.55849,0.49837,0.44801,0.41206,0.38906,0.37459,0.36694,0.36447,0.35662,0.32454,0.25711,0.16567,0.079295,0.02446,0.0081475,0.01656,0.027198,0.026053,0.01688,0.011916,0.014646,0.01723,0.012729,0.0022713,-0.0086403,-0.014531,-0.011708,-0.0010184,0.01104,0.018313,0.022746,0.031876,0.048137,0.065205,0.075959,0.08147,0.090936,0.11184,0.14025,0.16337,0.17189,0.16612,0.1505,0.12771,0.10051,0.07417,0.053113,0.037897,0.028022,0.02381,0.021973,0.012976,-0.011544,-0.047607,-0.077031,-0.078876,-0.044828,0.015217,0.081695,0.13924,0.18427,0.22092,0.24923,0.25811,0.23446,0.18153,0.12512,0.09674,0.10899,0.14733,0.18464,0.20168,0.19547,0.17308,0.14191,0.10607,0.068036,0.027726,-0.022363,-0.099365,-0.22617,-0.42604,-0.71832,-1.1093,-1.5764,-2.0598,-2.4778,-2.761,-2.8828,-2.8674,-2.7736,-2.664,-2.579,-2.5295,-2.5071,-2.4992,-2.497,-2.4965,-2.4965,-2.4965,-2.4964,-2.4964,-2.4962,-2.4947,-2.4877,-2.4623,-2.3886,-2.2208,-1.9188,-1.4896,0,0,0,0,0,0,0,0,0,0,0,0,0,0,0,0,0,0,0,0,0,0,0,0,0,0,2
0,0,0,0,0,0,0,0,0,0,0,0,0,0.10859,0.12697,0.12504,0.1009,0.057085,-0.0026658,-0.074725,-0.15562,-0.24251,-0.33382,-0.42877,-0.52595,-0.62283,-0.71638,-0.80399,-0.88373,-0.95444,-1.0157,-1.0675,-1.11,-1.1429,-1.1653,-1.1755,-1.171,-1.1492,-1.1073,-1.0441,-0.96034,-0.859,-0.74482,-0.62371,-0.5022,-0.38655,-0.28169,-0.19039,-0.11262,-0.045413,0.016036,0.075931,0.13615,0.19729,0.26087,0.32935,0.40402,0.48389,0.56701,0.652,0.73784,0.82244,0.90209,0.97249,1.0305,1.0749,1.1055,1.1222,1.1235,1.1081,1.0762,1.0302,0.97344,0.9082,0.83534,0.7551,0.66834,0.57674,0.48209,0.38569,0.28835,0.19052,0.09256,-0.0048125,-0.1003,-0.19254,-0.28098,-0.36619,-0.4492,-0.53062,-0.61023,-0.68695,-0.75933,-0.82611,-0.88682,-0.94181,-0.99161,-1.0357,-1.0717,-1.096,-1.1055,-1.0979,-1.0712,-1.0241,-0.95617,-0.8693,-0.76807,-0.65843,-0.5461,-0.43591,-0.3323,-0.24038,-0.16631,-0.11582,-0.090518,-0.085513,-0.091376,-0.099353,-0.10498,-0.10776,-0.10878,-0.10907,-0.10913,-0.10914,-0.10914,-0.10914,-0.10914,-0.10913,-0.10906,-0.10876,-0.10765,-0.10443,-0.097088,-0.083887,-0.065121,0,0,0,0,0,0,0,0,0,0,0,0,0,0,0,0,0,0,0,0,0,0,0,0,0,2
0,0,0,0,0,0,0,0,0,0,0,0,0,0.12095,0.13769,0.12873,0.09146,0.02805,-0.058052,-0.16351,-0.28516,-0.42019,-0.56619,-0.72076,-0.88113,-1.0442,-1.2067,-1.3656,-1.5179,-1.66,-1.7886,-1.9,-1.9907,-2.0568,-2.094,-2.0991,-2.0703,-2.0082,-1.9154,-1.7955,-1.6529,-1.4924,-1.3188,-1.1372,-0.95303,-0.77288,-0.60286,-0.44696,-0.30589,-0.17743,-0.057682,0.05786,0.17352,0.29287,0.41858,0.55195,0.69179,0.8334,0.96937,1.092,1.1951,1.2746,1.3273,1.3507,1.3444,1.3106,1.2541,1.1802,1.0929,0.99469,0.88685,0.77069,0.64728,0.51769,0.38319,0.2452,0.10489,-0.036306,-0.17558,-0.30865,-0.43129,-0.54084,-0.63632,-0.71739,-0.78345,-0.8337,-0.86798,-0.88746,-0.89459,-0.89237,-0.88382,-0.87162,-0.85781,-0.84347,-0.8285,-0.81176,-0.79151,-0.76619,-0.73472,-0.69636,-0.65046,-0.59669,-0.53568,-0.46937,-0.40038,-0.33055,-0.26023,-0.18883,-0.11593,-0.041786,0.032373,0.10306,0.16311,0.20342,0.21879,0.21283,0.19632,0.18008,0.16945,0.16432,0.16243,0.1619,0.16178,0.16176,0.16175,0.16175,0.16175,0.16174,0.16164,0.16119,0.15954,0.15477,0.14389,0.12433,0.096513,0,0,0,0,0,0,0,0,0,0,0,0,0,0,0,0,0,0,0,0,0,0,0,0,0,2
0,0,0,0,0,0,0,0,0,0,0,0,0,0.8247,1.0729,1.2407,1.3088,1.2971,1.2433,1.177,1.1101,1.0427,0.96932,0.88452,0.78788,0.68593,0.5881,0.50232,0.43227,0.37365,0.31391,0.24244,0.16394,0.097689,0.058853,0.041997,0.027785,0.0057394,-0.015024,-0.017936,0.0033431,0.038653,0.068318,0.07833,0.071609,0.061913,0.058236,0.061436,0.072143,0.090443,0.10902,0.11744,0.11279,0.098501,0.076341,0.048422,0.023334,0.010936,0.012078,0.019824,0.028654,0.03649,0.041017,0.041912,0.044816,0.055209,0.068613,0.072932,0.060969,0.03733,0.013207,-0.0038452,-0.013765,-0.016449,-0.003987,0.032417,0.087861,0.14209,0.17433,0.17867,0.16511,0.14738,0.13286,0.12445,0.12535,0.13555,0.14812,0.15781,0.17114,0.19746,0.22867,0.23892,0.21014,0.15138,0.088764,0.042472,0.016673,0.0053983,0.0014441,0.00029969,-0.00010499,-0.0010195,-0.0051608,-0.020799,-0.067788,-0.18046,-0.39744,-0.73612,-1.1709,-1.6402,-2.077,-2.4318,-2.6719,-2.7798,-2.7655,-2.672,-2.5579,-2.467,-2.4132,-2.3888,-2.3801,-2.3777,-2.3772,-2.3771,-2.3771,-2.3771,-2.377,-2.3768,-2.3754,-2.3688,-2.3445,-2.2744,-2.1146,-1.8271,-1.4183,0,0,0,0,0,0,0,0,0,0,0,0,0,0,0,0,0,0,0,0,0,0,0,0,0,2
0,0,0,0,0,0,0,0,-0.00011934,-0.00059208,-0.0023543,-0.0075679,-0.019898,-0.043485,-0.080723,-0.13092,-0.19166,-0.2614,-0.34005,-0.42714,-0.52041,-0.61648,-0.71225,-0.80541,-0.89404,-0.97605,-1.0491,-1.1111,-1.1617,-1.2031,-1.2395,-1.2742,-1.306,-1.3293,-1.3378,-1.3299,-1.3086,-1.2776,-1.2362,-1.1796,-1.1044,-1.0127,-0.91083,-0.80359,-0.69181,-0.57379,-0.44981,-0.32491,-0.20763,-0.10496,-0.017794,0.058932,0.13162,0.20397,0.27694,0.35093,0.42667,0.50465,0.58465,0.66609,0.74836,0.83047,0.91043,0.98488,1.0498,1.1021,1.14,1.1637,1.1742,1.1724,1.1593,1.1361,1.1041,1.0642,1.0163,0.95958,0.89287,0.816,0.72955,0.63429,0.53067,0.41901,0.30023,0.17614,0.04911,-0.07815,-0.2022,-0.31881,-0.42403,-0.5155,-0.59258,-0.65598,-0.70756,-0.75015,-0.78665,-0.81938,-0.85019,-0.88081,-0.91242,-0.94477,-0.97562,-1.0012,-1.0174,-1.0198,-1.0046,-0.96814,-0.90847,-0.82543,-0.72078,-0.59737,-0.45902,-0.31206,-0.16767,-0.042495,0.045856,0.088004,0.090008,0.070244,0.047593,0.032018,0.024342,0.021491,0.020679,0.020499,0.020468,0.020464,0.020464,0.020464,0.020462,0.020449,0.020392,0.020184,0.01958,0.018204,0.015729,0.01221,0,0,0,0,0,0,0,0,0,0,0,0,0,0,0,0,0,0,0,0,0,0,0,0,2
0,0,0,0,0,0,0,0,0.02571,0.034629,0.040091,0.040489,0.035026,0.022381,-0.00029415,-0.037434,-0.094151,-0.17477,-0.28165,-0.41491,-0.57278,-0.75179,-0.9468,-1.1509,-1.3561,-1.5542,-1.7384,-1.9043,-2.0496,-2.1733,-2.2738,-2.347,-2.387,-2.3891,-2.3533,-2.2849,-2.1915,-2.0787,-1.9496,-1.8075,-1.6574,-1.5047,-1.3517,-1.1966,-1.0359,-0.86897,-0.69873,-0.52984,-0.3652,-0.20431,-0.04433,0.11759,0.28276,0.4511,0.62206,0.79448,0.96539,1.1287,1.2756,1.3977,1.4895,1.5487,1.575,1.5683,1.5289,1.4598,1.3668,1.2571,1.1373,1.012,0.8839,0.75447,0.62477,0.49584,0.36892,0.24539,0.12656,0.01363,-0.092346,-0.19084,-0.2822,-0.3677,-0.44919,-0.52841,-0.60622,-0.68195,-0.75351,-0.81813,-0.87331,-0.91746,-0.94979,-0.97003,-0.97837,-0.97582,-0.96425,-0.94562,-0.92088,-0.88971,-0.85138,-0.8058,-0.75371,-0.69593,-0.63271,-0.56412,-0.49071,-0.41376,-0.33434,-0.25221,-0.16571,-0.073172,0.025014,0.12483,0.21809,0.29361,0.341,0.35659,0.3471,0.32626,0.30671,0.2942,0.28825,0.28609,0.28548,0.28534,0.28532,0.28532,0.28532,0.28531,0.28528,0.28511,0.28432,0.28141,0.27299,0.25381,0.2193,0.17024,0,0,0,0,0,0,0,0,0,0,0,0,0,0,0,0,0,0,0,0,0,0,0,0,2
0,0,0,0,0,0,0,0,0.91501,1.2108,1.4381,1.5723,1.6138,1.5752,1.4753,1.3373,1.1858,1.0408,0.91398,0.80903,0.7224,0.64605,0.57445,0.50775,0.44499,0.3792,0.30523,0.22987,0.16903,0.13435,0.12423,0.12858,0.1394,0.15387,0.16875,0.17605,0.16653,0.13774,0.097732,0.059285,0.031043,0.014258,0.0058034,0.0020795,0.00064071,0.00016482,3.4515e-05,5.7806e-06,7.6578e-07,7.9716e-08,6.4962e-09,4.1352e-10,2.0533e-11,7.9516e-13,2.3502e-14,0,0,0,0,0,0,0,0,0,0,0,0,0,0,0,0,0,0,0,0,0,0,0,0,0,0,0,0,0,0,0,0,0,0,0,0,0,0,-3.9171e-15,-1.5668e-14,-6.659e-13,-2.2327e-11,-5.8588e-10,-1.203e-08,-1.9358e-07,-2.4455e-06,-2.4312e-05,-0.00019078,-0.0011863,-0.0058757,-0.023342,-0.075059,-0.19778,-0.43385,-0.80802,-1.3061,-1.8716,-2.418,-2.8481,-3.086,-3.1177,-3.0035,-2.841,-2.7068,-2.6271,-2.5912,-2.5786,-2.5752,-2.5744,-2.5743,-2.5743,-2.5743,-2.5743,-2.574,-2.5725,-2.5653,-2.539,-2.4631,-2.29,-1.9787,-1.536,0,0,0,0,0,0,0,0,0,0,0,0,0,0,0,0,0,0,0,0,0,0,0,0,2
0,0,0,0,0,0,0,0,0,0,0,0,0,0.16437,0.18606,0.17347,0.1274,0.056665,-0.030239,-0.12824,-0.23266,-0.33675,-0.43349,-0.51844,-0.58967,-0.64586,-0.68532,-0.70657,-0.70967,-0.69662,-0.67096,-0.63686,-0.5986,-0.56036,-0.52623,-0.50006,-0.48489,-0.48205,-0.49043,-0.50631,-0.52425,-0.53837,-0.54366,-0.53647,-0.51473,-0.47813,-0.42828,-0.3685,-0.30301,-0.2361,-0.17152,-0.11221,-0.059287,-0.010404,0.040322,0.099182,0.16896,0.24841,0.33506,0.42691,0.52156,0.61501,0.7024,0.77966,0.84407,0.89385,0.92764,0.94461,0.94475,0.92906,0.89945,0.85856,0.80956,0.75581,0.70044,0.64591,0.59374,0.54455,0.49805,0.45318,0.40831,0.36156,0.31091,0.2547,0.1927,0.12655,0.057925,-0.014208,-0.093807,-0.18406,-0.28374,-0.38759,-0.4895,-0.58491,-0.67108,-0.74642,-0.80972,-0.85944,-0.89351,-0.90987,-0.90726,-0.8856,-0.84573,-0.78922,-0.71842,-0.63703,-0.54991,-0.46183,-0.37592,-0.29391,-0.21836,-0.15462,-0.10948,-0.086487,-0.082262,-0.088256,-0.096147,-0.10167,-0.10438,-0.10538,-0.10566,-0.10572,-0.10573,-0.10573,-0.10573,-0.10573,-0.10572,-0.10565,-0.10536,-0.10428,-0.10116,-0.094054,-0.081266,-0.063086,0,0,0,0,0,0,0,0,0,0,0,0,0,0,0,0,0,0,0,0,0,0,0,0,0,0,2
0,0,0,0,0,0,0,0,0,0,0,0,0,0.13217,0.15393,0.15059,0.12,0.064977,-0.01119,-0.10639,-0.21888,-0.34678,-0.48881,-0.64445,-0.81276,-0.99099,-1.1744,-1.3571,-1.5333,-1.6971,-1.8429,-1.9651,-2.0582,-2.1171,-2.1386,-2.1226,-2.0733,-1.9976,-1.9034,-1.7973,-1.6839,-1.5664,-1.4463,-1.3232,-1.1952,-1.0598,-0.91657,-0.76693,-0.61358,-0.4581,-0.29976,-0.1364,0.033233,0.20811,0.38575,0.56357,0.73876,0.90694,1.0619,1.197,1.3079,1.3919,1.4469,1.4703,1.4602,1.4168,1.3433,1.2443,1.1247,0.98911,0.84342,0.69458,0.54935,0.41229,0.28491,0.16649,0.055105,-0.051542,-0.15502,-0.25515,-0.35001,-0.43711,-0.5146,-0.58187,-0.63934,-0.68761,-0.72674,-0.75641,-0.77683,-0.78937,-0.79597,-0.79782,-0.79504,-0.78757,-0.77618,-0.76239,-0.74706,-0.72946,-0.70745,-0.67847,-0.64025,-0.59116,-0.53054,-0.45899,-0.3783,-0.29095,-0.19968,-0.10708,-0.015815,0.070556,0.14666,0.20548,0.2409,0.25183,0.2444,0.22911,0.21506,0.20618,0.20199,0.20048,0.20006,0.19996,0.19995,0.19995,0.19995,0.19994,0.19992,0.1998,0.19925,0.19721,0.19131,0.17786,0.15368,0.1193,0,0,0,0,0,0,0,0,0,0,0,0,0,0,0,0,0,0,0,0,0,0,0,0,0,0,2
0,0,0,0,0,0,0,0,0,0,0,0,0,0.8757,1.1129,1.2286,1.2079,1.0948,0.95794,0.84945,0.78405,0.74538,0.70717,0.65086,0.57177,0.47925,0.39136,0.32106,0.26571,0.21457,0.16383,0.1174,0.076664,0.039569,0.0087232,-0.0086672,-0.0095105,0.0028535,0.025337,0.057956,0.097739,0.13475,0.15799,0.16285,0.15185,0.132,0.11148,0.0952,0.084002,0.078812,0.080929,0.086633,0.087512,0.079531,0.067433,0.057233,0.048658,0.038756,0.028712,0.021476,0.015622,0.0084309,0.0034437,0.0076851,0.021588,0.037997,0.050715,0.058424,0.06133,0.059336,0.053001,0.043223,0.031606,0.023165,0.02548,0.04152,0.06497,0.085723,0.098061,0.10043,0.090848,0.068372,0.038005,0.010696,-0.00078271,0.014549,0.061971,0.1359,0.21786,0.28257,0.31011,0.29612,0.25405,0.20808,0.17789,0.16506,0.15618,0.14005,0.1173,0.092103,0.060442,0.010126,-0.072501,-0.19959,-0.38138,-0.62303,-0.92052,-1.2591,-1.6121,-1.9401,-2.1974,-2.3508,-2.3966,-2.3611,-2.286,-2.2103,-2.1558,-2.1258,-2.113,-2.1086,-2.1075,-2.1072,-2.1072,-2.1072,-2.1072,-2.1072,-2.107,-2.1057,-2.0998,-2.0783,-2.0162,-1.8745,-1.6196,-1.2573,0,0,0,0,0,0,0,0,0,0,0,0,0,0,0,0,0,0,0,0,0,0,0,0,0,0,2
0,0,0,0,0,0,0,0,0,-0.016074,-0.04466,-0.080221,-0.11537,-0.14653,-0.17557,-0.20637,-0.24122,-0.28022,-0.32265,-0.36803,-0.41607,-0.46604,-0.5164,-0.56518,-0.61115,-0.65454,-0.69677,-0.73938,-0.78275,-0.82559,-0.86535,-0.89935,-0.92549,-0.94223,-0.94817,-0.94164,-0.92082,-0.88402,-0.83041,-0.76051,-0.67644,-0.5818,-0.48125,-0.38011,-0.28384,-0.19765,-0.12578,-0.070419,-0.030233,0.00014925,0.028279,0.060381,0.099394,0.14639,0.2031,0.27216,0.35519,0.45143,0.55849,0.67363,0.79389,0.91504,1.0311,1.1354,1.2219,1.2856,1.3222,1.3271,1.2969,1.2313,1.1344,1.0147,0.88332,0.7521,0.63215,0.53241,0.45878,0.41349,0.39463,0.39626,0.40946,0.4244,0.4326,0.42841,0.40895,0.37276,0.31869,0.24606,0.15541,0.048007,-0.0754,-0.21436,-0.36631,-0.52512,-0.68248,-0.83068,-0.96379,-1.0773,-1.1678,-1.2329,-1.2713,-1.2824,-1.2661,-1.2233,-1.157,-1.0717,-0.97367,-0.86988,-0.76731,-0.6718,-0.58725,-0.51518,-0.45491,-0.40466,-0.36307,-0.33035,-0.30757,-0.29472,-0.28955,-0.28861,-0.28906,-0.28956,-0.2898,-0.28988,-0.2899,-0.2899,-0.2899,-0.2899,-0.2899,-0.28987,-0.2897,-0.28889,-0.28593,-0.27738,-0.25789,-0.22283,-0.17298,0,0,0,0,0,0,0,0,0,0,0,0,0,0,0,0,0,0,0,0,0,0,0,2
0,0,0,0,0,0,0,0,0,0.16091,0.19902,0.21466,0.20481,0.17203,0.11918,0.046834,-0.046119,-0.16044,-0.29495,-0.44603,-0.60836,-0.77627,-0.94472,-1.1093,-1.266,-1.412,-1.5457,-1.6672,-1.7772,-1.8753,-1.9591,-2.0255,-2.0706,-2.0907,-2.0826,-2.0437,-1.9735,-1.8737,-1.7476,-1.5989,-1.4311,-1.2494,-1.0606,-0.87344,-0.69587,-0.5334,-0.38847,-0.2609,-0.14822,-0.045391,0.054952,0.16073,0.27783,0.40907,0.55504,0.71491,0.88588,1.0624,1.2369,1.4017,1.5505,1.6787,1.7818,1.8542,1.8895,1.8823,1.8305,1.7349,1.5996,1.4307,1.2365,1.0264,0.81056,0.59746,0.39359,0.20341,0.030113,-0.12404,-0.25811,-0.37278,-0.46977,-0.55035,-0.61461,-0.66245,-0.69518,-0.71614,-0.72976,-0.74029,-0.75122,-0.76494,-0.78246,-0.80339,-0.82656,-0.85073,-0.87472,-0.89723,-0.91667,-0.93147,-0.94028,-0.94194,-0.93511,-0.91775,-0.88718,-0.8412,-0.7794,-0.70361,-0.61713,-0.52345,-0.42586,-0.32789,-0.23358,-0.14681,-0.070049,-0.0041711,0.04952,0.087472,0.10614,0.1069,0.097183,0.085815,0.077868,0.073907,0.072427,0.072003,0.071909,0.071893,0.071891,0.071891,0.07189,0.071882,0.07184,0.07164,0.070906,0.068785,0.063951,0.055256,0.042895,0,0,0,0,0,0,0,0,0,0,0,0,0,0,0,0,0,0,0,0,0,0,0,2
0,0,0,0,0,0,0,0,0,0.95755,1.2383,1.4138,1.4618,1.4015,1.2728,1.1224,0.99235,0.90367,0.84968,0.80962,0.76773,0.71837,0.66022,0.59242,0.51726,0.44469,0.38988,0.36037,0.345,0.32145,0.27707,0.21852,0.16022,0.10947,0.06614,0.030438,0.0043564,-0.012347,-0.022365,-0.027631,-0.029837,-0.033581,-0.043342,-0.055247,-0.056802,-0.038184,-0.0012801,0.043302,0.083985,0.11195,0.12284,0.11855,0.10499,0.086205,0.062791,0.036449,0.012663,-0.0026489,-0.0070218,-0.0016281,0.0091,0.017115,0.014622,0.0015857,-0.013332,-0.021429,-0.02083,-0.014271,-0.0049361,0.0039208,0.010133,0.015964,0.026738,0.044191,0.064146,0.081361,0.092775,0.095913,0.089429,0.076448,0.062826,0.050807,0.038101,0.023589,0.0099361,0.00050202,-0.0009745,0.01365,0.054264,0.12,0.19177,0.24139,0.24897,0.21384,0.15326,0.091101,0.044506,0.017701,0.0056832,0.0014621,0.00029561,1.1268e-05,-0.00025787,-0.0014934,-0.0068081,-0.025108,-0.075432,-0.18643,-0.38461,-0.67652,-1.0433,-1.4549,-1.8826,-2.2895,-2.6182,-2.8079,-2.8354,-2.7382,-2.593,-2.4675,-2.3898,-2.3534,-2.3402,-2.3365,-2.3357,-2.3356,-2.3356,-2.3356,-2.3355,-2.3353,-2.3339,-2.3274,-2.3036,-2.2347,-2.0776,-1.7952,-1.3936,0,0,0,0,0,0,0,0,0,0,0,0,0,0,0,0,0,0,0,0,0,0,0,2
0,0,0,0,0,0,0,0,0.019145,0.015088,0.004415,-0.013775,-0.041483,-0.080397,-0.13003,-0.18849,-0.25477,-0.32935,-0.41236,-0.50187,-0.5941,-0.68477,-0.77016,-0.84728,-0.91372,-0.96766,-1.0079,-1.034,-1.0461,-1.0463,-1.0391,-1.0299,-1.0219,-1.0134,-0.99813,-0.97052,-0.9302,-0.8819,-0.83088,-0.77851,-0.72239,-0.66053,-0.59457,-0.52836,-0.46376,-0.39869,-0.32948,-0.25488,-0.17741,-0.10055,-0.025084,0.050835,0.12899,0.21007,0.29514,0.38603,0.48395,0.58812,0.69602,0.80432,0.90974,1.0093,1.1001,1.1781,1.2388,1.2775,1.2918,1.2818,1.2505,1.2013,1.137,1.0602,0.97361,0.88112,0.78654,0.69245,0.59958,0.50767,0.41659,0.32641,0.23682,0.14703,0.056095,-0.036849,-0.13203,-0.22764,-0.31898,-0.39945,-0.46281,-0.50511,-0.52587,-0.52842,-0.51929,-0.50672,-0.49874,-0.50185,-0.52065,-0.55768,-0.61317,-0.68472,-0.76763,-0.85558,-0.94168,-1.0194,-1.0827,-1.1261,-1.1434,-1.1293,-1.0811,-1.0003,-0.89297,-0.768,-0.63701,-0.51529,-0.42024,-0.36406,-0.34581,-0.35187,-0.36558,-0.37654,-0.38233,-0.38457,-0.38523,-0.38537,-0.3854,-0.3854,-0.3854,-0.3854,-0.38536,-0.38513,-0.38406,-0.38012,-0.36875,-0.34284,-0.29623,-0.22996,0,0,0,0,0,0,0,0,0,0,0,0,0,0,0,0,0,0,0,0,0,0,0,0,2
0,0,0,0,0,0,0,0,-0.061682,-0.090175,-0.12303,-0.16059,-0.20358,-0.25254,-0.30799,-0.37087,-0.44246,-0.52384,-0.61538,-0.71654,-0.82606,-0.9421,-1.0623,-1.1836,-1.3025,-1.4156,-1.5208,-1.6174,-1.706,-1.7879,-1.8648,-1.9364,-1.9983,-2.041,-2.0528,-2.026,-1.9612,-1.8653,-1.7464,-1.6104,-1.4611,-1.3036,-1.1453,-0.99253,-0.8472,-0.70656,-0.5667,-0.4261,-0.2865,-0.1508,-0.020046,0.10824,0.23931,0.37867,0.52935,0.69026,0.85659,1.0219,1.1804,1.3269,1.4561,1.5619,1.6385,1.681,1.6866,1.6538,1.5829,1.4766,1.3409,1.1838,1.0141,0.84069,0.6717,0.51418,0.37298,0.25013,0.14492,0.054268,-0.026644,-0.10325,-0.18036,-0.26162,-0.34937,-0.44438,-0.54527,-0.64829,-0.74785,-0.83758,-0.91147,-0.96489,-0.99529,-1.0027,-0.98941,-0.95935,-0.9168,-0.86579,-0.81002,-0.75313,-0.69842,-0.6482,-0.60333,-0.56345,-0.52746,-0.49388,-0.46076,-0.42561,-0.38571,-0.3388,-0.28379,-0.22079,-0.15084,-0.076285,-0.0021867,0.062691,0.10813,0.12823,0.12614,0.11239,0.097829,0.088049,0.083276,0.081511,0.08101,0.080899,0.08088,0.080877,0.080877,0.080876,0.080868,0.08082,0.080595,0.079769,0.077383,0.071945,0.062164,0.048257,0,0,0,0,0,0,0,0,0,0,0,0,0,0,0,0,0,0,0,0,0,0,0,0,2
0,0,0,0,0,0,0,0,0.7852,0.99645,1.1405,1.2149,1.2341,1.2136,1.1673,1.1072,1.0414,0.96991,0.88894,0.79918,0.7072,0.61717,0.52555,0.42966,0.33949,0.2723,0.23294,0.20708,0.179,0.14898,0.1266,0.1151,0.11228,0.11889,0.13329,0.14343,0.13815,0.12356,0.11659,0.12365,0.13549,0.14138,0.13858,0.12746,0.10662,0.076044,0.040398,0.0067239,-0.018847,-0.032065,-0.031609,-0.020865,-0.0065023,0.0064037,0.016206,0.021995,0.023149,0.021631,0.02007,0.017528,0.011568,0.0037588,-0.0017682,-0.004453,-0.006984,-0.0097927,-0.010819,-0.0095266,-0.0064904,-0.00098686,0.0063375,0.011011,0.010085,0.0076799,0.010408,0.019761,0.034069,0.055591,0.089707,0.13708,0.18925,0.23124,0.24976,0.24524,0.23525,0.23798,0.25144,0.25558,0.23458,0.19092,0.13883,0.091229,0.054345,0.029175,0.013968,0.0058877,0.0021475,0.00066349,0.00016977,3.5046e-05,2.9957e-06,-2.6291e-05,-0.00020443,-0.0012438,-0.0061101,-0.024356,-0.079267,-0.21231,-0.47292,-0.88783,-1.4281,-2.0064,-2.5137,-2.8674,-3.0382,-3.0501,-2.9635,-2.8473,-2.7512,-2.6927,-2.6655,-2.6557,-2.6529,-2.6523,-2.6522,-2.6522,-2.6522,-2.6521,-2.6519,-2.6503,-2.6429,-2.6158,-2.5376,-2.3593,-2.0385,-1.5825,0,0,0,0,0,0,0,0,0,0,0,0,0,0,0,0,0,0,0,0,0,0,0,0,2
0,0,0,0,0,0,0,0,0,0,0,0,0,0.10583,0.1092,0.090517,0.0542,0.0060295,-0.050677,-0.11401,-0.18155,-0.25032,-0.31763,-0.38164,-0.44119,-0.49541,-0.54339,-0.58457,-0.6193,-0.64884,-0.67485,-0.69868,-0.72152,-0.74503,-0.77183,-0.80502,-0.8466,-0.89575,-0.9478,-0.99471,-1.027,-1.036,-1.0154,-0.96102,-0.87215,-0.75213,-0.60936,-0.45574,-0.30325,-0.16052,-0.031707,0.082413,0.18291,0.27202,0.35315,0.43048,0.50793,0.58821,0.67239,0.75997,0.84938,0.93875,1.0263,1.1097,1.1857,1.2502,1.2996,1.3321,1.3478,1.3477,1.3322,1.3016,1.2562,1.1974,1.1265,1.0451,0.95455,0.85648,0.75294,0.64569,0.5358,0.42397,0.31163,0.20156,0.096166,-0.0053699,-0.10729,-0.21351,-0.32425,-0.43669,-0.54792,-0.65661,-0.76235,-0.86432,-0.96058,-1.0482,-1.1243,-1.1862,-1.2319,-1.2594,-1.2666,-1.2517,-1.2137,-1.1535,-1.0732,-0.97634,-0.86697,-0.74822,-0.62169,-0.48798,-0.34937,-0.21351,-0.094898,-0.010408,0.030579,0.033507,0.01561,-0.0053278,-0.019842,-0.027037,-0.029722,-0.030491,-0.030662,-0.030691,-0.030695,-0.030696,-0.030695,-0.030692,-0.030674,-0.030589,-0.030275,-0.02937,-0.027306,-0.023593,-0.018315,0,0,0,0,0,0,0,0,0,0,0,0,0,0,0,0,0,0,0,0,0,0,0,0,0,2
0,0,0,0,0,0,0,0,0,0,0,0,0,0.15804,0.19299,0.20205,0.18116,0.1329,0.06134,-0.03126,-0.14441,-0.27781,-0.43002,-0.59774,-0.77593,-0.95861,-1.1403,-1.317,-1.4867,-1.6482,-1.8,-1.9401,-2.0662,-2.1758,-2.2671,-2.3388,-2.39,-2.4192,-2.4232,-2.3984,-2.3422,-2.2542,-2.1348,-1.9838,-1.8009,-1.5889,-1.3555,-1.1114,-0.86658,-0.62616,-0.39062,-0.15864,0.069939,0.29338,0.50919,0.71542,0.91054,1.0924,1.2571,1.3995,1.5142,1.5979,1.6502,1.6724,1.6656,1.6303,1.5667,1.477,1.366,1.2395,1.102,0.95651,0.80517,0.6508,0.49676,0.34631,0.2019,0.064724,-0.065106,-0.18765,-0.30265,-0.4101,-0.51101,-0.60708,-0.69963,-0.78874,-0.87352,-0.95266,-1.025,-1.0896,-1.145,-1.1888,-1.2182,-1.2309,-1.2261,-1.2045,-1.1669,-1.1141,-1.047,-0.96723,-0.87728,-0.77942,-0.67516,-0.56522,-0.44992,-0.3295,-0.2043,-0.075109,0.05621,0.18622,0.30957,0.41835,0.5023,0.5518,0.56417,0.54802,0.51984,0.4945,0.47853,0.47099,0.46826,0.46749,0.46732,0.46729,0.46729,0.46729,0.46728,0.46724,0.46696,0.46566,0.46089,0.4471,0.41568,0.35917,0.27882,0,0,0,0,0,0,0,0,0,0,0,0,0,0,0,0,0,0,0,0,0,0,0,0,0,2
0,0,0,0,0,0,0,0,0,0,0,0,0,0.72373,0.93654,1.0631,1.076,0.98926,0.8476,0.70172,0.58759,0.51871,0.48787,0.47346,0.45197,0.41328,0.3643,0.3152,0.26567,0.21035,0.15315,0.10857,0.089346,0.097861,0.12773,0.16893,0.21234,0.2522,0.28302,0.29448,0.27548,0.22566,0.15801,0.089561,0.033307,-0.0039521,-0.023117,-0.031241,-0.033908,-0.029808,-0.014277,0.014096,0.051886,0.093638,0.13309,0.1621,0.17336,0.16683,0.15014,0.13054,0.1104,0.092222,0.083146,0.090075,0.11128,0.13603,0.15204,0.15125,0.13141,0.097144,0.058796,0.02713,0.0082688,0.0030231,0.0091826,0.024026,0.045483,0.071132,0.096181,0.1143,0.12404,0.13483,0.16112,0.20598,0.25436,0.28748,0.3012,0.30644,0.3142,0.32515,0.3333,0.33513,0.33322,0.33175,0.32813,0.30968,0.26267,0.18812,0.10761,0.049093,0.023792,0.016303,-0.0044029,-0.068502,-0.19835,-0.40663,-0.69082,-1.0301,-1.3936,-1.751,-2.0733,-2.3299,-2.4948,-2.5585,-2.5353,-2.46,-2.374,-2.307,-2.268,-2.2504,-2.2442,-2.2426,-2.2422,-2.2421,-2.2421,-2.2421,-2.2421,-2.2419,-2.2405,-2.2343,-2.2114,-2.1453,-1.9945,-1.7233,-1.3378,0,0,0,0,0,0,0,0,0,0,0,0,0,0,0,0,0,0,0,0,0,0,0,0,0,2
0,0,0,0,0,0,0,0,0,-0.16097,-0.2188,-0.27542,-0.33333,-0.39777,-0.47262,-0.55916,-0.6573,-0.76681,-0.88749,-1.018,-1.1543,-1.2892,-1.4129,-1.5148,-1.5849,-1.6148,-1.5986,-1.5349,-1.4281,-1.2875,-1.1252,-0.95372,-0.78447,-0.62629,-0.48412,-0.35823,-0.24488,-0.13793,-0.029997,0.087015,0.22045,0.37432,0.54768,0.73506,0.92816,1.1175,1.2937,1.4483,1.5742,1.667,1.7264,1.7565,1.7659,1.7655,1.7664,1.7782,1.8084,1.8631,1.9472,2.0644,2.2145,2.3909,2.579,2.7566,2.8972,2.973,2.9599,2.8413,2.6113,2.2756,1.8503,1.3579,0.82253,0.26665,-0.28994,-0.82966,-1.337,-1.7991,-2.2059,-2.5492,-2.8219,-3.0172,-3.1306,-3.1617,-3.1169,-3.0081,-2.8492,-2.6521,-2.4248,-2.1726,-1.8991,-1.6073,-1.3004,-0.98217,-0.65676,-0.32754,0.0038485,0.33683,0.66983,0.99816,1.3134,1.6047,1.8602,2.0689,2.221,2.3093,2.3306,2.2866,2.1852,2.0427,1.884,1.7384,1.6301,1.5675,1.5417,1.5364,1.5381,1.5401,1.5412,1.5415,1.5416,1.5416,1.5416,1.5416,1.5416,1.5414,1.5405,1.5362,1.5205,1.475,1.3714,1.1849,0.91983,0,0,0,0,0,0,0,0,0,0,0,0,0,0,0,0,0,0,0,0,0,0,0,0,0,0,0,3
0,0,0,0,0,0,0,0,0,0.13535,0.18669,0.23256,0.26755,0.28833,0.29207,0.27574,0.23651,0.1725,0.0833,-0.029997,-0.16477,-0.3165,-0.47847,-0.64202,-0.79722,-0.93372,-1.0423,-1.1172,-1.1572,-1.1661,-1.1501,-1.1166,-1.0726,-1.0244,-0.97727,-0.93381,-0.89353,-0.85283,-0.80651,-0.74945,-0.67763,-0.58823,-0.47923,-0.34928,-0.19789,-0.026054,0.16327,0.36496,0.57228,0.77791,0.97542,1.1605,1.3313,1.4883,1.6341,1.7735,1.9134,2.0604,2.2192,2.3899,2.568,2.7446,2.9066,3.037,3.1165,3.1277,3.0579,2.9021,2.6633,2.3524,1.9863,1.5844,1.1633,0.73476,0.3067,-0.11462,-0.5243,-0.91997,-1.3014,-1.6673,-2.0114,-2.3221,-2.5862,-2.7929,-2.9363,-3.0157,-3.0342,-2.9984,-2.9171,-2.8,-2.6566,-2.4952,-2.3217,-2.1388,-1.9455,-1.7384,-1.5132,-1.2668,-0.99803,-0.70832,-0.40296,-0.091045,0.21556,0.50446,0.76476,0.98837,1.1705,1.3099,1.4075,1.4658,1.4871,1.4749,1.4375,1.3885,1.3429,1.3104,1.2922,1.2843,1.2815,1.2807,1.2806,1.2806,1.2806,1.2806,1.2805,1.2804,1.2796,1.2761,1.263,1.2252,1.1391,0.98426,0.76406,0,0,0,0,0,0,0,0,0,0,0,0,0,0,0,0,0,0,0,0,0,0,0,0,0,0,0,3
0,0,0,0,0,0,0,0,0,0.69179,0.9062,1.0596,1.1363,1.1442,1.1038,1.0375,0.96153,0.8849,0.81605,0.76421,0.73162,0.70981,0.68785,0.66112,0.63019,0.59564,0.55599,0.50698,0.44354,0.369,0.30038,0.25509,0.23241,0.21559,0.1908,0.15657,0.11673,0.074147,0.033795,0.0042467,-0.0094709,-0.01051,-0.0043518,0.0069502,0.021861,0.037207,0.053606,0.076982,0.10855,0.13793,0.15321,0.15525,0.15491,0.15872,0.16505,0.17166,0.17627,0.17035,0.14181,0.085033,0.0041735,-0.088777,-0.17316,-0.22463,-0.23081,-0.19868,-0.14165,-0.066641,0.019733,0.1009,0.15574,0.17204,0.1525,0.11326,0.07851,0.067554,0.080717,0.10107,0.11207,0.10988,0.10082,0.096725,0.11298,0.15724,0.214,0.24941,0.2385,0.18573,0.11784,0.060933,0.025638,0.0087551,0.0024187,0.00053883,9.6516e-05,1.3792e-05,6.6559e-07,-9.2111e-06,-7.4756e-05,-0.00047531,-0.0024183,-0.0099213,-0.033147,-0.091358,-0.2112,-0.41802,-0.72498,-1.1269,-1.5975,-2.0844,-2.5082,-2.7843,-2.8672,-2.786,-2.6275,-2.4793,-2.3837,-2.3377,-2.3209,-2.3161,-2.315,-2.3148,-2.3148,-2.3148,-2.3148,-2.3145,-2.3132,-2.3067,-2.2831,-2.2148,-2.0592,-1.7792,-1.3812,0,0,0,0,0,0,0,0,0,0,0,0,0,0,0,0,0,0,0,0,0,0,0,0,0,0,0,3
0,0,0,0,0,0,0,0,0,0.027301,0.010493,-0.022301,-0.066671,-0.11583,-0.16422,-0.20953,-0.25236,-0.29424,-0.33616,-0.3785,-0.42152,-0.46566,-0.51115,-0.55754,-0.6037,-0.64821,-0.68985,-0.72777,-0.76163,-0.79165,-0.81846,-0.84223,-0.86191,-0.87501,-0.87798,-0.86643,-0.83524,-0.77921,-0.69487,-0.58235,-0.446,-0.29248,-0.12808,0.042333,0.21418,0.38247,0.54299,0.69374,0.83478,0.96659,1.0891,1.2024,1.3074,1.4066,1.5026,1.5976,1.6927,1.7878,1.8812,1.9684,2.0418,2.091,2.1049,2.0734,1.9887,1.847,1.6491,1.4014,1.1145,0.80255,0.48085,0.1646,-0.13269,-0.40056,-0.63247,-0.82579,-0.98086,-1.0997,-1.1853,-1.2412,-1.2719,-1.2831,-1.2812,-1.2723,-1.2613,-1.2506,-1.2388,-1.2214,-1.1914,-1.1405,-1.0608,-0.94646,-0.79542,-0.61047,-0.39815,-0.16695,0.073919,0.31508,0.54792,0.76574,0.96339,1.1355,1.2756,1.3772,1.4362,1.4524,1.4313,1.3853,1.3305,1.2818,1.2475,1.2279,1.2189,1.2155,1.2145,1.2142,1.2142,1.2142,1.2142,1.2142,1.2142,1.214,1.2133,1.21,1.1976,1.1617,1.0801,0.93325,0.72447,0,0,0,0,0,0,0,0,0,0,0,0,0,0,0,0,0,0,0,0,0,0,0,0,0,0,0,0,0,0,0,3
0,0,0,0,0,0,0,0,0,0.060091,0.071941,0.078125,0.081864,0.087155,0.095688,0.10646,0.11704,0.12464,0.12679,0.12175,0.10879,0.088241,0.061359,0.029366,-0.0080743,-0.053377,-0.10945,-0.1775,-0.2566,-0.34512,-0.44189,-0.54612,-0.65627,-0.76924,-0.88043,-0.98442,-1.0752,-1.146,-1.1901,-1.2013,-1.1764,-1.1148,-1.0187,-0.89133,-0.73621,-0.55657,-0.3555,-0.13626,0.097562,0.34212,0.5937,0.84912,1.1056,1.3598,1.6077,1.8458,2.0733,2.2915,2.5013,2.6993,2.8774,3.0243,3.1272,3.1721,3.1442,3.0314,2.8299,2.5465,2.197,1.801,1.3775,0.94399,0.5164,0.10778,-0.27378,-0.62584,-0.9493,-1.2449,-1.511,-1.7452,-1.9467,-2.1176,-2.2618,-2.3829,-2.4841,-2.5673,-2.6328,-2.6777,-2.6955,-2.6778,-2.6171,-2.5082,-2.3493,-2.1428,-1.8948,-1.6146,-1.3118,-0.99502,-0.67111,-0.34693,-0.031153,0.26535,0.53097,0.75528,0.93019,1.0506,1.1157,1.1312,1.1105,1.0725,1.035,1.0082,0.99334,0.98693,0.98474,0.98415,0.98403,0.98401,0.984,0.984,0.98399,0.98389,0.9833,0.98057,0.97052,0.94149,0.87534,0.75632,0.58712,0,0,0,0,0,0,0,0,0,0,0,0,0,0,0,0,0,0,0,0,0,0,0,0,0,0,0,0,0,0,0,3
0,0,0,0,0,0,0,0,0,0.65086,0.83806,0.94811,0.97505,0.94804,0.90349,0.86413,0.83728,0.82138,0.81027,0.79575,0.77129,0.73441,0.68589,0.62765,0.56067,0.4838,0.39872,0.31759,0.25841,0.22722,0.21053,0.18935,0.15571,0.11427,0.074449,0.044359,0.027024,0.017511,0.0061877,-0.010823,-0.025389,-0.025311,-0.0084446,0.01374,0.027267,0.030704,0.040656,0.080612,0.15974,0.26195,0.35797,0.42639,0.46035,0.46043,0.43237,0.3916,0.35595,0.32687,0.2862,0.22007,0.14046,0.075701,0.042789,0.034709,0.032062,0.023067,0.013527,0.017753,0.039594,0.065843,0.079825,0.077883,0.070203,0.068233,0.075754,0.091658,0.11421,0.13849,0.15502,0.15629,0.14151,0.11351,0.078024,0.047283,0.034153,0.038582,0.047512,0.049684,0.043174,0.029489,0.010298,-0.0083092,-0.017161,-0.013918,-0.0068493,-0.0055152,-0.012725,-0.031353,-0.075144,-0.16366,-0.30689,-0.50337,-0.7542,-1.0701,-1.4569,-1.8889,-2.2947,-2.5796,-2.6797,-2.6096,-2.4527,-2.3007,-2.2009,-2.1524,-2.1344,-2.1293,-2.1282,-2.128,-2.128,-2.1279,-2.1279,-2.1277,-2.1264,-2.1205,-2.0988,-2.036,-1.893,-1.6356,-1.2697,0,0,0,0,0,0,0,0,0,0,0,0,0,0,0,0,0,0,0,0,0,0,0,0,0,0,0,0,0,0,0,3
0,0,0,0,0,0,0,0,0,0,-0.025295,-0.046025,-0.072772,-0.10327,-0.13599,-0.17087,-0.20885,-0.25103,-0.29833,-0.35112,-0.40907,-0.47132,-0.53652,-0.60291,-0.66873,-0.7329,-0.79528,-0.85605,-0.91463,-0.96903,-1.0161,-1.0522,-1.0735,-1.076,-1.055,-1.0064,-0.92659,-0.8146,-0.67278,-0.50655,-0.32279,-0.12822,0.070693,0.26737,0.45583,0.63228,0.79527,0.94412,1.0776,1.1938,1.291,1.3687,1.4276,1.4703,1.5005,1.5226,1.5408,1.5589,1.579,1.6001,1.6175,1.6224,1.6046,1.5546,1.466,1.3362,1.1663,0.95995,0.72297,0.4622,0.18584,-0.096157,-0.37234,-0.6312,-0.863,-1.0609,-1.2204,-1.3388,-1.4149,-1.4498,-1.4473,-1.4128,-1.3516,-1.2688,-1.1684,-1.054,-0.92793,-0.7922,-0.64878,-0.50032,-0.3501,-0.20121,-0.05513,0.088615,0.23116,0.37286,0.5133,0.65174,0.7868,0.91534,1.0322,1.1308,1.2051,1.2506,1.2657,1.2523,1.2163,1.1675,1.1177,1.0767,1.049,1.0337,1.0268,1.0242,1.0234,1.0232,1.0232,1.0232,1.0232,1.0232,1.0232,1.0231,1.0225,1.0196,1.0092,0.97899,0.9102,0.78644,0.61051,0,0,0,0,0,0,0,0,0,0,0,0,0,0,0,0,0,0,0,0,0,0,0,0,0,0,0,0,0,0,0,3
0,0,0,0,0,0,0,0,0,0,0.16573,0.20705,0.23011,0.23473,0.2264,0.21153,0.19472,0.17853,0.16382,0.15001,0.13557,0.1187,0.097916,0.071588,0.036647,-0.0118,-0.078277,-0.16393,-0.26609,-0.38042,-0.50261,-0.62806,-0.75107,-0.86473,-0.96153,-1.0341,-1.0764,-1.0843,-1.0573,-0.9975,-0.90856,-0.79411,-0.65683,-0.49829,-0.31926,-0.12029,0.097366,0.3304,0.57261,0.8153,1.049,1.2656,1.4593,1.6279,1.7731,1.9008,2.0197,2.1379,2.2591,2.3808,2.4946,2.5886,2.6486,2.6595,2.6072,2.482,2.2825,2.0159,1.6946,1.3318,0.93906,0.52772,0.11141,-0.295,-0.67907,-1.0338,-1.3567,-1.6463,-1.8982,-2.1062,-2.2649,-2.3733,-2.4337,-2.4502,-2.426,-2.3636,-2.2662,-2.1392,-1.9896,-1.8249,-1.6509,-1.4706,-1.2854,-1.0957,-0.90207,-0.70496,-0.50424,-0.29974,-0.092731,0.11266,0.30942,0.48886,0.6425,0.76351,0.84787,0.89511,0.9089,0.89703,0.87027,0.83994,0.81463,0.79802,0.78932,0.78567,0.78446,0.78414,0.78407,0.78406,0.78406,0.78406,0.78405,0.78397,0.7835,0.78132,0.77332,0.75018,0.69747,0.60264,0.46782,0,0,0,0,0,0,0,0,0,0,0,0,0,0,0,0,0,0,0,0,0,0,0,0,0,0,0,0,0,0,0,3
0,0,0,0,0,0,0,0,0,0,0.87664,1.1367,1.2998,1.3481,1.3099,1.2323,1.1512,1.0778,1.0043,0.91799,0.81284,0.69565,0.5819,0.48504,0.40991,0.35556,0.31854,0.29078,0.25956,0.21417,0.15305,0.085624,0.027838,-0.0078905,-0.022193,-0.025746,-0.024951,-0.016919,-0.0018936,0.0080724,0.00077164,-0.01887,-0.030073,-0.017559,0.010535,0.030197,0.027691,0.015168,0.0202,0.063499,0.14515,0.24341,0.32305,0.35362,0.32959,0.27377,0.21841,0.18167,0.15993,0.13716,0.10042,0.051764,0.0082555,-0.01293,-0.0087776,0.013693,0.049102,0.09031,0.11959,0.11996,0.095445,0.066155,0.043785,0.025074,0.0083347,0.00078435,0.0065755,0.019097,0.028803,0.03191,0.028923,0.019352,0.00233,-0.018199,-0.033257,-0.035459,-0.024407,-0.0071945,0.005262,0.0078377,0.009244,0.023288,0.049135,0.067094,0.05797,0.022271,-0.023765,-0.069927,-0.12695,-0.22005,-0.37201,-0.5958,-0.89885,-1.2832,-1.7311,-2.1894,-2.574,-2.8056,-2.8559,-2.767,-2.6233,-2.4978,-2.4203,-2.3842,-2.3712,-2.3676,-2.3669,-2.3667,-2.3667,-2.3667,-2.3667,-2.3664,-2.365,-2.3584,-2.3343,-2.2644,-2.1053,-1.8191,-1.4121,0,0,0,0,0,0,0,0,0,0,0,0,0,0,0,0,0,0,0,0,0,0,0,0,0,0,0,0,0,0,0,3
0,0,0,0,0,0,0,0,0,0,0,0,0,-0.11365,-0.17604,-0.24143,-0.30335,-0.36093,-0.4168,-0.47318,-0.53012,-0.58605,-0.63908,-0.68749,-0.72959,-0.76346,-0.78742,-0.80077,-0.80397,-0.79792,-0.78313,-0.75956,-0.72679,-0.68424,-0.63098,-0.56532,-0.48504,-0.3884,-0.2754,-0.14823,-0.010503,0.13409,0.28289,0.43449,0.58835,0.74412,0.90093,1.0568,1.2086,1.3528,1.4859,1.605,1.7069,1.7883,1.8458,1.8768,1.8799,1.8555,1.8047,1.7293,1.6319,1.5152,1.3819,1.2335,1.0706,0.89414,0.70485,0.50302,0.28855,0.062407,-0.1719,-0.40795,-0.63741,-0.85119,-1.0404,-1.1976,-1.3174,-1.3976,-1.4387,-1.4434,-1.4157,-1.3604,-1.283,-1.1877,-1.0761,-0.94728,-0.79843,-0.62749,-0.43485,-0.22388,-0.00011246,0.22976,0.45843,0.67832,0.88242,1.0648,1.2205,1.3449,1.4342,1.486,1.5007,1.4824,1.4398,1.3865,1.3362,1.2985,1.2758,1.2647,1.2603,1.259,1.2586,1.2585,1.2585,1.2585,1.2585,1.2585,1.2584,1.2576,1.2541,1.2413,1.2042,1.1195,0.96733,0.75092,0,0,0,0,0,0,0,0,0,0,0,0,0,0,0,0,0,0,0,0,0,0,0,0,0,0,0,0,0,0,0,0,0,0,0,0,3
0,0,0,0,0,0,0,0,0,0,0,0,0,0.16439,0.21596,0.25505,0.27869,0.28808,0.28483,0.26906,0.24,0.19705,0.14042,0.070987,-0.0099487,-0.10078,-0.19949,-0.30333,-0.40879,-0.51213,-0.61012,-0.70056,-0.78207,-0.85343,-0.91308,-0.95916,-0.98986,-1.0034,-0.99775,-0.97037,-0.91893,-0.84194,-0.7386,-0.60797,-0.44855,-0.25902,-0.039707,0.20624,0.47272,0.75156,1.0335,1.3089,1.5681,1.8022,2.0042,2.1713,2.3045,2.4076,2.4838,2.5345,2.5586,2.5522,2.5083,2.4179,2.2736,2.0732,1.8205,1.5231,1.1884,0.82378,0.43852,0.045369,-0.34154,-0.7105,-1.0546,-1.3705,-1.6555,-1.9051,-2.1138,-2.2776,-2.3961,-2.471,-2.5044,-2.4968,-2.4475,-2.3565,-2.2263,-2.0612,-1.8672,-1.6509,-1.4187,-1.1766,-0.92908,-0.67939,-0.43046,-0.18613,0.048416,0.26719,0.46395,0.63174,0.76241,0.84799,0.88524,0.88071,0.85095,0.81553,0.78795,0.772,0.7649,0.76243,0.76176,0.76162,0.7616,0.76159,0.76159,0.76158,0.7615,0.76105,0.75893,0.75116,0.72869,0.67749,0.58537,0.45442,0,0,0,0,0,0,0,0,0,0,0,0,0,0,0,0,0,0,0,0,0,0,0,0,0,0,0,0,0,0,0,0,0,0,0,0,3
0,0,0,0,0,0,0,0,0,0,0,0,0,0.79803,1.0385,1.194,1.25,1.2293,1.1623,1.066,0.94752,0.8164,0.6863,0.56953,0.47552,0.41016,0.36978,0.33762,0.29412,0.23355,0.16713,0.1089,0.062913,0.025676,-0.0039949,-0.022982,-0.028814,-0.021582,-0.003653,0.017824,0.030837,0.025912,0.0046874,-0.019056,-0.027408,-0.011066,0.022419,0.055218,0.078032,0.10119,0.14332,0.20899,0.28075,0.33373,0.35482,0.34621,0.31547,0.2675,0.2052,0.13457,0.067406,0.018724,0.00027179,0.01369,0.049445,0.094561,0.14002,0.17847,0.20095,0.20251,0.18815,0.17,0.16244,0.17832,0.22053,0.27419,0.31274,0.31562,0.28196,0.23208,0.19638,0.1942,0.21736,0.23704,0.22936,0.19237,0.13989,0.085788,0.036186,-0.0097243,-0.056388,-0.10735,-0.16162,-0.21681,-0.27761,-0.35998,-0.48716,-0.68368,-0.9689,-1.3421,-1.7603,-2.134,-2.3666,-2.4156,-2.3219,-2.1743,-2.0482,-1.9718,-1.9369,-1.9246,-1.9212,-1.9205,-1.9204,-1.9203,-1.9203,-1.9203,-1.9201,-1.919,-1.9136,-1.894,-1.8374,-1.7083,-1.476,-1.1458,0,0,0,0,0,0,0,0,0,0,0,0,0,0,0,0,0,0,0,0,0,0,0,0,0,0,0,0,0,0,0,0,0,0,0,0,3
0,0,0,0,0,0,0,0,0,0,0,0,0,-0.12478,-0.18215,-0.24508,-0.31118,-0.37849,-0.44473,-0.50795,-0.56768,-0.62493,-0.68086,-0.73571,-0.78874,-0.83912,-0.88692,-0.93339,-0.98019,-1.0283,-1.0774,-1.1255,-1.1694,-1.2047,-1.2245,-1.2198,-1.1801,-1.0957,-0.961,-0.77608,-0.5465,-0.28132,0.0089562,0.31344,0.62099,0.92053,1.2022,1.4589,1.6863,1.8813,2.0403,2.1584,2.2294,2.2479,2.2111,2.1218,1.9885,1.8241,1.6432,1.4598,1.2855,1.1295,0.99706,0.88863,0.79986,0.72295,0.64927,0.57168,0.48562,0.38873,0.27974,0.15741,0.020308,-0.132,-0.29695,-0.46828,-0.63807,-0.79956,-0.94849,-1.0825,-1.2005,-1.3025,-1.3895,-1.4627,-1.5207,-1.5575,-1.5618,-1.5191,-1.4162,-1.2461,-1.0112,-0.72329,-0.40013,-0.060834,0.27795,0.60338,0.90668,1.1837,1.435,1.6634,1.8697,2.0486,2.1891,2.278,2.3072,2.2802,2.2146,2.1362,2.0686,2.0234,1.9995,1.9895,1.9861,1.9852,1.985,1.985,1.985,1.985,1.985,1.9848,1.9836,1.9781,1.9578,1.8992,1.7658,1.5257,1.1844,0,0,0,0,0,0,0,0,0,0,0,0,0,0,0,0,0,0,0,0,0,0,0,0,0,0,0,0,0,0,0,0,0,3
0,0,0,0,0,0,0,0,0,0,0,0,0,0.2306,0.28579,0.31054,0.30278,0.26972,0.22068,0.1626,0.099316,0.031913,-0.040718,-0.12061,-0.20875,-0.30405,-0.4041,-0.50659,-0.60982,-0.71248,-0.81329,-0.9112,-1.0055,-1.0955,-1.1792,-1.252,-1.3072,-1.3371,-1.3364,-1.3024,-1.2345,-1.1321,-0.99446,-0.82197,-0.61724,-0.38452,-0.12821,0.1478,0.43919,0.73957,1.0394,1.3265,1.5873,1.8101,1.9876,2.1187,2.2086,2.2663,2.302,2.3244,2.34,2.352,2.3591,2.3551,2.3298,2.2714,2.1698,2.0193,1.8197,1.5763,1.2964,0.98643,0.65076,0.29343,-0.079014,-0.4574,-0.83279,-1.1996,-1.5554,-1.8979,-2.2218,-2.5185,-2.7789,-2.9959,-3.1632,-3.2732,-3.3152,-3.2789,-3.1578,-2.9537,-2.677,-2.3445,-1.9748,-1.5844,-1.1865,-0.78981,-0.39997,-0.020418,0.34577,0.69413,1.017,1.3024,1.5347,1.6989,1.7866,1.8021,1.7645,1.7027,1.6436,1.6022,1.5798,1.5702,1.5669,1.5661,1.5659,1.5659,1.5659,1.5659,1.5658,1.5657,1.5648,1.5604,1.5444,1.4982,1.3929,1.2036,0.9343,0,0,0,0,0,0,0,0,0,0,0,0,0,0,0,0,0,0,0,0,0,0,0,0,0,0,0,0,0,0,0,0,0,3
0,0,0,0,0,0,0,0,0,0,0,0,0,0.66594,0.83487,0.93602,0.97371,0.97204,0.94953,0.90941,0.84888,0.77194,0.69202,0.62371,0.57272,0.53298,0.49297,0.44627,0.396,0.34896,0.30796,0.27158,0.23684,0.1994,0.15667,0.113,0.075645,0.044826,0.016193,-0.0076499,-0.019,-0.018527,-0.015423,-0.013433,-0.007968,0.0024357,0.013269,0.023048,0.033212,0.038616,0.031655,0.01902,0.022313,0.056863,0.11728,0.18546,0.24474,0.2856,0.30673,0.31281,0.30527,0.27736,0.22658,0.16815,0.12447,0.10263,0.093728,0.091644,0.099449,0.11734,0.1355,0.1419,0.1327,0.11512,0.10306,0.10802,0.13009,0.15655,0.17236,0.17489,0.17789,0.19798,0.23658,0.27589,0.29281,0.27723,0.23832,0.19283,0.14734,0.095061,0.031498,-0.032604,-0.079074,-0.099422,-0.098295,-0.084207,-0.067434,-0.069276,-0.12548,-0.27327,-0.53274,-0.89782,-1.3362,-1.7889,-2.1739,-2.411,-2.4665,-2.3787,-2.2329,-2.105,-2.0262,-1.9897,-1.9768,-1.9732,-1.9724,-1.9723,-1.9723,-1.9722,-1.9722,-1.972,-1.9708,-1.9654,-1.9452,-1.887,-1.7544,-1.5159,-1.1768,0,0,0,0,0,0,0,0,0,0,0,0,0,0,0,0,0,0,0,0,0,0,0,0,0,0,0,0,0,0,0,0,0,3
0,0,0,0,0,0,0,0,0,0.015742,0.013991,0.0028758,-0.018478,-0.047586,-0.080269,-0.11328,-0.14611,-0.18081,-0.22009,-0.26581,-0.31861,-0.37865,-0.44638,-0.52282,-0.60915,-0.70614,-0.81369,-0.9303,-1.0522,-1.1731,-1.2848,-1.3783,-1.4455,-1.4785,-1.4696,-1.4124,-1.3039,-1.1461,-0.94553,-0.71103,-0.4519,-0.17798,0.10058,0.37458,0.63729,0.88486,1.1153,1.327,1.5185,1.6882,1.8346,1.9553,2.0471,2.1082,2.1392,2.1441,2.1284,2.0976,2.0564,2.0082,1.9544,1.8936,1.821,1.7304,1.6157,1.4731,1.302,1.1053,0.88853,0.65806,0.41832,0.171,-0.082572,-0.33839,-0.5893,-0.82712,-1.0444,-1.2341,-1.3898,-1.5058,-1.579,-1.6107,-1.6067,-1.577,-1.5323,-1.48,-1.4221,-1.3549,-1.2715,-1.1643,-1.0263,-0.85325,-0.6449,-0.40595,-0.14517,0.12697,0.40071,0.66885,0.92756,1.1761,1.4148,1.6422,1.852,2.0324,2.1689,2.2488,2.267,2.2293,2.1542,2.067,1.991,1.9384,1.9092,1.896,1.8913,1.8899,1.8896,1.8895,1.8895,1.8895,1.8895,1.8895,1.8893,1.8882,1.8829,1.8636,1.8079,1.6808,1.4523,1.1274,0,0,0,0,0,0,0,0,0,0,0,0,0,0,0,0,0,0,0,0,0,0,0,0,0,0,0,0,0,0,3
0,0,0,0,0,0,0,0,0,0.1136,0.12905,0.12541,0.10665,0.081608,0.057958,0.039312,0.026341,0.01889,0.016277,0.016317,0.015519,0.010845,0.0007576,-0.015824,-0.041176,-0.079171,-0.13432,-0.2102,-0.30789,-0.42517,-0.55662,-0.69454,-0.82975,-0.9524,-1.053,-1.1239,-1.1601,-1.1608,-1.1281,-1.0663,-0.97916,-0.86849,-0.73426,-0.57562,-0.39193,-0.18328,0.049255,0.30319,0.57382,0.85347,1.1316,1.3963,1.637,1.8472,2.0263,2.1777,2.307,2.4193,2.5185,2.6065,2.6826,2.7419,2.775,2.77,2.7157,2.6044,2.4343,2.2087,1.9361,1.628,1.2959,0.94896,0.59342,0.23399,-0.1244,-0.47642,-0.81718,-1.1424,-1.4469,-1.7244,-1.9683,-2.175,-2.3456,-2.4833,-2.5917,-2.672,-2.7231,-2.7411,-2.7202,-2.6531,-2.5342,-2.363,-2.1449,-1.89,-1.61,-1.3164,-1.0182,-0.72186,-0.43009,-0.14262,0.14162,0.42149,0.69133,0.94069,1.1562,1.3248,1.4371,1.4909,1.4927,1.4581,1.4081,1.3618,1.3294,1.3118,1.3042,1.3016,1.3009,1.3008,1.3008,1.3008,1.3008,1.3008,1.3006,1.2998,1.2962,1.283,1.2446,1.1571,0.9998,0.77613,0,0,0,0,0,0,0,0,0,0,0,0,0,0,0,0,0,0,0,0,0,0,0,0,0,0,0,0,0,0,3
0,0,0,0,0,0,0,0,0,0.68965,0.87121,0.98103,1.0187,1.0102,0.98613,0.96632,0.95576,0.94783,0.93056,0.89436,0.83703,0.76332,0.68143,0.60016,0.52598,0.45898,0.39312,0.32417,0.25722,0.20377,0.17147,0.15776,0.1513,0.13834,0.11086,0.071492,0.029235,-0.010465,-0.048008,-0.082326,-0.10803,-0.12197,-0.12588,-0.11946,-0.098274,-0.063058,-0.024099,0.00945,0.0396,0.073927,0.11417,0.15429,0.18615,0.20401,0.2068,0.19842,0.1849,0.17113,0.16017,0.15179,0.13971,0.11515,0.078032,0.042036,0.023223,0.024584,0.037239,0.055699,0.083227,0.11937,0.15108,0.16313,0.15266,0.12805,0.099566,0.07856,0.080102,0.11444,0.17322,0.23115,0.26539,0.27233,0.26568,0.26077,0.26153,0.2593,0.24112,0.20047,0.14365,0.086378,0.042774,0.017214,0.0055762,0.0014396,0.00025852,-0.00020921,-0.0013624,-0.0058631,-0.020403,-0.058181,-0.13771,-0.27563,-0.47901,-0.74731,-1.0817,-1.4815,-1.9181,-2.3151,-2.5747,-2.6425,-2.551,-2.3927,-2.2526,-2.1662,-2.1263,-2.1121,-2.1082,-2.1074,-2.1072,-2.1072,-2.1072,-2.1072,-2.107,-2.1057,-2.0998,-2.0783,-2.0162,-1.8745,-1.6196,-1.2573,0,0,0,0,0,0,0,0,0,0,0,0,0,0,0,0,0,0,0,0,0,0,0,0,0,0,0,0,0,0,3
0,0,0,0,0,0,0,0,0,0,0,0,0,-0.11103,-0.15613,-0.20305,-0.25131,-0.30199,-0.35619,-0.41442,-0.47728,-0.54623,-0.62369,-0.71177,-0.81046,-0.91667,-1.025,-1.1298,-1.226,-1.309,-1.3745,-1.4184,-1.438,-1.4314,-1.397,-1.3315,-1.2307,-1.091,-0.91179,-0.69492,-0.4451,-0.16962,0.12153,0.41676,0.7052,0.97877,1.2327,1.4638,1.6697,1.8478,1.9967,2.1154,2.2032,2.2599,2.2867,2.2872,2.2662,2.2292,2.1812,2.1267,2.0692,2.0096,1.9445,1.8669,1.7676,1.6383,1.4727,1.2664,1.0175,0.72684,0.39956,0.044122,-0.32882,-0.70713,-1.0772,-1.425,-1.7381,-2.007,-2.2254,-2.3898,-2.4996,-2.5561,-2.561,-2.5126,-2.4049,-2.2304,-1.9843,-1.6684,-1.2908,-0.86434,-0.40438,0.070881,0.54117,0.98737,1.3952,1.755,2.0584,2.295,2.4542,2.5292,2.5228,2.4512,2.3439,2.2353,2.1512,2.1001,2.0756,2.0666,2.064,2.0635,2.0634,2.0634,2.0634,2.0634,2.0634,2.0634,2.0632,2.062,2.0562,2.0352,1.9743,1.8356,1.586,1.2312,0,0,0,0,0,0,0,0,0,0,0,0,0,0,0,0,0,0,0,0,0,0,0,0,0,0,0,0,0,0,0,0,0,0,0,0,3
0,0,0,0,0,0,0,0,0,0,0,0,0,0.14189,0.18912,0.22699,0.25311,0.26949,0.27928,0.28447,0.28545,0.28128,0.26989,0.24826,0.21294,0.16094,0.090193,-0.0011002,-0.1152,-0.25378,-0.41557,-0.59523,-0.78414,-0.97166,-1.1456,-1.2926,-1.3999,-1.4577,-1.4614,-1.4114,-1.312,-1.1692,-0.98951,-0.77985,-0.54711,-0.29716,-0.033561,0.24245,0.52933,0.82188,1.1102,1.3817,1.6247,1.8311,1.9972,2.1238,2.2156,2.2801,2.327,2.3655,2.4018,2.4369,2.4661,2.4796,2.4644,2.4055,2.2895,2.1072,1.8562,1.5393,1.1627,0.73464,0.26722,-0.22301,-0.71736,-1.2,-1.6611,-2.0959,-2.5003,-2.8678,-3.1891,-3.4543,-3.6534,-3.776,-3.8116,-3.7509,-3.5899,-3.3313,-2.9865,-2.5728,-2.1113,-1.6226,-1.1247,-0.63238,-0.15854,0.2846,0.68429,1.0272,1.3005,1.4943,1.6056,1.6419,1.6218,1.5714,1.5159,1.4721,1.445,1.4317,1.4265,1.4249,1.4244,1.4243,1.4243,1.4243,1.4243,1.4243,1.4242,1.4233,1.4194,1.4048,1.3628,1.267,1.0948,0.84985,0,0,0,0,0,0,0,0,0,0,0,0,0,0,0,0,0,0,0,0,0,0,0,0,0,0,0,0,0,0,0,0,0,0,0,0,3
0,0,0,0,0,0,0,0,0,0,0,0,0,0.70227,0.89665,1.02,1.0675,1.0541,0.9972,0.91353,0.82026,0.73169,0.65812,0.6064,0.57423,0.54714,0.51073,0.46434,0.4152,0.3627,0.29878,0.22316,0.14855,0.08961,0.052954,0.036702,0.033605,0.033639,0.027458,0.011199,-0.010165,-0.025645,-0.027167,-0.01682,-0.0048749,0.0010782,0.0058717,0.022932,0.058365,0.10189,0.13679,0.15544,0.16113,0.15896,0.1518,0.1425,0.13305,0.1226,0.11034,0.096396,0.076228,0.041644,-0.0048961,-0.042758,-0.049795,-0.025195,0.012054,0.046179,0.077174,0.11051,0.14553,0.17784,0.20378,0.21909,0.22242,0.22275,0.23342,0.25596,0.27834,0.29136,0.29719,0.29856,0.28763,0.25134,0.18378,0.090681,-0.012393,-0.1033,-0.16123,-0.17867,-0.16515,-0.13707,-0.10697,-0.087144,-0.10121,-0.1863,-0.38062,-0.70197,-1.1296,-1.6051,-2.0533,-2.4037,-2.6067,-2.6517,-2.5772,-2.4539,-2.3442,-2.2753,-2.2427,-2.2308,-2.2274,-2.2267,-2.2266,-2.2266,-2.2266,-2.2265,-2.2263,-2.225,-2.2188,-2.1961,-2.1304,-1.9807,-1.7114,-1.3285,0,0,0,0,0,0,0,0,0,0,0,0,0,0,0,0,0,0,0,0,0,0,0,0,0,0,0,0,0,0,0,0,0,0,0,0,3
0,0,0,0,0,0,0,0,0,0,0,0,-0.062771,-0.1,-0.14367,-0.19237,-0.24662,-0.30792,-0.37772,-0.45722,-0.54735,-0.64847,-0.75991,-0.87974,-1.0047,-1.1302,-1.251,-1.3616,-1.4569,-1.5328,-1.586,-1.6141,-1.6147,-1.5851,-1.5221,-1.422,-1.2827,-1.1043,-0.8897,-0.64446,-0.37601,-0.093144,0.19492,0.47975,0.75499,1.0171,1.2647,1.497,1.712,1.9051,2.0699,2.1991,2.2876,2.3339,2.3403,2.3127,2.2591,2.1895,2.1133,2.0379,1.9657,1.8948,1.82,1.7349,1.6329,1.5079,1.3555,1.1743,0.96615,0.73454,0.48214,0.21001,-0.080506,-0.38524,-0.69646,-1.0041,-1.2968,-1.5629,-1.7912,-1.9727,-2.1023,-2.1789,-2.2053,-2.1871,-2.1301,-2.0381,-1.9114,-1.748,-1.5452,-1.3019,-1.02,-0.70626,-0.37193,-0.031006,0.30321,0.62114,0.91824,1.1946,1.4534,1.6981,1.9295,2.1428,2.3274,2.4688,2.5539,2.5764,2.5408,2.4637,2.3697,2.2835,2.2204,2.1831,2.1653,2.1583,2.1562,2.1557,2.1555,2.1555,2.1555,2.1555,2.1555,2.1553,2.154,2.148,2.126,2.0624,1.9175,1.6568,1.2861,0,0,0,0,0,0,0,0,0,0,0,0,0,0,0,0,0,0,0,0,0,0,0,0,0,0,0,0,0,0,0,3
0,0,0,0,0,0,0,0,0,0,0,0,0.092736,0.11061,0.11407,0.10296,0.08082,0.051486,0.016721,-0.024221,-0.073042,-0.1303,-0.19486,-0.26524,-0.34068,-0.42105,-0.50612,-0.59524,-0.6872,-0.78013,-0.87135,-0.95768,-1.0357,-1.1015,-1.1506,-1.1779,-1.1796,-1.1541,-1.102,-1.0252,-0.925,-0.80232,-0.65763,-0.49121,-0.30293,-0.092376,0.14007,0.39193,0.65744,0.92721,1.1891,1.4306,1.6409,1.8142,1.95,2.0534,2.1333,2.2007,2.2656,2.3352,2.412,2.4932,2.5702,2.6295,2.6546,2.6285,2.5375,2.3743,2.1397,1.8419,1.4923,1.1017,0.67981,0.23665,-0.21509,-0.66122,-1.0893,-1.4913,-1.8634,-2.2035,-2.5081,-2.7718,-2.989,-3.1551,-3.2675,-3.3229,-3.3161,-3.2405,-3.0916,-2.8716,-2.5912,-2.2679,-1.9203,-1.5646,-1.2116,-0.86683,-0.53237,-0.2077,0.10861,0.41712,0.7155,0.99704,1.2507,1.4635,1.6237,1.7242,1.7646,1.7529,1.7063,1.6468,1.5942,1.5585,1.5394,1.5313,1.5286,1.5279,1.5277,1.5277,1.5277,1.5277,1.5277,1.5275,1.5266,1.5223,1.5067,1.4617,1.359,1.1742,0.91151,0,0,0,0,0,0,0,0,0,0,0,0,0,0,0,0,0,0,0,0,0,0,0,0,0,0,0,0,0,0,0,3
0,0,0,0,0,0,0,0,0,0,0,0,0.81744,1.0456,1.2052,1.2858,1.292,1.2334,1.1289,1.0083,0.89894,0.80995,0.73428,0.66188,0.58726,0.50916,0.43166,0.36549,0.32054,0.29446,0.27283,0.24196,0.19801,0.14536,0.09215,0.04831,0.022204,0.014284,0.014995,0.012902,0.00478,-0.0048985,-0.012679,-0.020144,-0.028586,-0.033054,-0.025951,-0.0068877,0.014689,0.028595,0.033869,0.038077,0.048221,0.065817,0.09091,0.12499,0.16569,0.20186,0.21803,0.20282,0.15521,0.088727,0.029216,-0.00029689,0.0039138,0.027196,0.053271,0.077903,0.10643,0.13904,0.16237,0.16172,0.14042,0.12062,0.12315,0.14909,0.18162,0.20567,0.22395,0.24979,0.28582,0.31851,0.33602,0.34163,0.3426,0.33245,0.295,0.22643,0.145,0.075966,0.032238,0.011024,0.0030276,0.00065929,5.4973e-05,-0.0003842,-0.0020562,-0.0085609,-0.029142,-0.082155,-0.19457,-0.39382,-0.69542,-1.0958,-1.5721,-2.0767,-2.5287,-2.8311,-2.9267,-2.8451,-2.6825,-2.5327,-2.4381,-2.3936,-2.3775,-2.3731,-2.3721,-2.3719,-2.3719,-2.3719,-2.3719,-2.3716,-2.3702,-2.3636,-2.3394,-2.2694,-2.1099,-1.8231,-1.4152,0,0,0,0,0,0,0,0,0,0,0,0,0,0,0,0,0,0,0,0,0,0,0,0,0,0,0,0,0,0,0,3
0,0,0,0,0,0,0,0,0,0,0,0,0,0,-0.25351,-0.35248,-0.4454,-0.52702,-0.59843,-0.66273,-0.72198,-0.77681,-0.82732,-0.87417,-0.91883,-0.963,-1.0076,-1.0524,-1.0967,-1.1392,-1.1789,-1.2136,-1.2398,-1.2523,-1.2455,-1.2132,-1.1493,-1.0484,-0.90704,-0.72498,-0.50587,-0.25711,0.01121,0.28803,0.56279,0.82613,1.0702,1.2894,1.4805,1.6431,1.7778,1.8852,1.9652,2.0179,2.0437,2.0446,2.0236,1.9844,1.9313,1.8691,1.8028,1.7362,1.6699,1.6012,1.5256,1.4383,1.3352,1.2133,1.0712,0.91017,0.7336,0.54589,0.35066,0.15021,-0.05307,-0.25537,-0.45206,-0.63978,-0.81752,-0.98578,-1.1453,-1.2968,-1.4405,-1.5755,-1.7001,-1.811,-1.9038,-1.973,-2.0104,-2.0048,-1.9435,-1.8149,-1.6127,-1.338,-0.99809,-0.60408,-0.16756,0.30013,0.78658,1.2764,1.7508,2.1891,2.5709,2.8783,3.095,3.2096,3.2226,3.1548,3.0462,2.94,2.8633,2.8206,2.8019,2.7955,2.7938,2.7934,2.7933,2.7933,2.7933,2.7933,2.793,2.7913,2.7836,2.7551,2.6726,2.4848,2.147,1.6667,0,0,0,0,0,0,0,0,0,0,0,0,0,0,0,0,0,0,0,0,0,0,0,0,0,0,0,0,0,0,0,0,3
0,0,0,0,0,0,0,0,0,0,0,0,0,0,0.23212,0.30506,0.35998,0.39246,0.40441,0.39883,0.37701,0.3387,0.2834,0.21132,0.12361,0.021643,-0.093666,-0.22143,-0.35991,-0.50648,-0.65825,-0.8124,-0.96601,-1.1158,-1.258,-1.3886,-1.5024,-1.5919,-1.6483,-1.6625,-1.6279,-1.5416,-1.4039,-1.2177,-0.98728,-0.71815,-0.41728,-0.093155,0.24454,0.58527,0.91789,1.2309,1.5134,1.7567,1.9557,2.1108,2.2279,2.3175,2.392,2.4627,2.5366,2.615,2.6927,2.7587,2.7984,2.7961,2.7387,2.619,2.4367,2.1985,1.9154,1.6001,1.2642,0.91671,0.56272,0.20488,-0.1552,-0.51579,-0.87486,-1.2303,-1.5798,-1.9198,-2.2457,-2.5517,-2.8315,-3.0783,-3.2855,-3.4453,-3.5487,-3.585,-3.5432,-3.4143,-3.1953,-2.891,-2.5134,-2.0776,-1.598,-1.0877,-0.56061,-0.034079,0.47135,0.93491,1.3382,1.6658,1.9047,2.0463,2.093,2.0639,1.9935,1.9186,1.8627,1.8311,1.8172,1.8124,1.8111,1.8108,1.8108,1.8107,1.8107,1.8107,1.8105,1.8095,1.8044,1.7859,1.7325,1.6108,1.3918,1.0804,0,0,0,0,0,0,0,0,0,0,0,0,0,0,0,0,0,0,0,0,0,0,0,0,0,0,0,0,0,0,0,0,3
0,0,0,0,0,0,0,0,0,0,0,0,0,0,0.67145,0.87303,0.99863,1.0327,0.99508,0.92219,0.84683,0.78487,0.73237,0.6754,0.60546,0.52664,0.44994,0.38314,0.32609,0.27339,0.22071,0.17013,0.1307,0.11062,0.1066,0.10368,0.088282,0.057776,0.015415,-0.036923,-0.093285,-0.13524,-0.14055,-0.10475,-0.049105,-0.002238,0.025622,0.048052,0.082858,0.12957,0.16736,0.17481,0.15118,0.11663,0.093726,0.093649,0.11877,0.16691,0.22639,0.27329,0.28313,0.2479,0.1818,0.11107,0.056936,0.024661,0.009025,0.011467,0.046735,0.12546,0.22961,0.31243,0.33208,0.28855,0.22324,0.18084,0.17661,0.19818,0.22458,0.23769,0.22508,0.18278,0.11868,0.052925,0.010541,0.0050625,0.025646,0.04329,0.031909,-0.016742,-0.094604,-0.18577,-0.26991,-0.32227,-0.32064,-0.26081,-0.16611,-0.075987,-0.020042,-0.005032,-0.032538,-0.12888,-0.34763,-0.72892,-1.2441,-1.7762,-2.1687,-2.3206,-2.2511,-2.0728,-1.9011,-1.7907,-1.7383,-1.7194,-1.7141,-1.713,-1.7128,-1.7127,-1.7127,-1.7127,-1.7125,-1.7115,-1.7068,-1.6893,-1.6387,-1.5236,-1.3164,-1.0219,0,0,0,0,0,0,0,0,0,0,0,0,0,0,0,0,0,0,0,0,0,0,0,0,0,0,0,0,0,0,0,0,3
0,0,0,0,0,0,0,0,0,0,0,0,0,-0.034727,-0.065772,-0.1089,-0.16217,-0.22323,-0.29073,-0.36443,-0.44467,-0.5318,-0.62576,-0.72587,-0.83097,-0.93942,-1.049,-1.1567,-1.2583,-1.3485,-1.4211,-1.4692,-1.4872,-1.4706,-1.4166,-1.3231,-1.1884,-1.0129,-0.80005,-0.55722,-0.29394,-0.019276,0.25947,0.5358,0.80248,1.0518,1.2775,1.4762,1.6467,1.789,1.9028,1.9881,2.0464,2.0812,2.0972,2.1005,2.0967,2.0904,2.0851,2.0821,2.0794,2.0712,2.0486,2.0007,1.9177,1.7928,1.623,1.4096,1.1573,0.87296,0.56496,0.24176,-0.087925,-0.41481,-0.72879,-1.0195,-1.2777,-1.4969,-1.6737,-1.8068,-1.8966,-1.945,-1.955,-1.9309,-1.8755,-1.7883,-1.666,-1.5035,-1.2966,-1.0453,-0.75453,-0.43359,-0.093552,0.25557,0.6063,0.95336,1.292,1.6163,1.9178,2.185,2.4028,2.555,2.6297,2.6273,2.5657,2.4769,2.3934,2.3345,2.3021,2.2881,2.2833,2.282,2.2818,2.2817,2.2817,2.2817,2.2817,2.2815,2.2801,2.2738,2.2505,2.1831,2.0297,1.7538,1.3614,0,0,0,0,0,0,0,0,0,0,0,0,0,0,0,0,0,0,0,0,0,0,0,0,0,0,0,0,0,0,0,0,0,0,0,3
0,0,0,0,0,0,0,0,0,0,0,0,0,0.25306,0.31548,0.34866,0.35181,0.33263,0.29966,0.25822,0.21019,0.15505,0.090881,0.014674,-0.077306,-0.18833,-0.3194,-0.46836,-0.63071,-0.8007,-0.97185,-1.1371,-1.2894,-1.4216,-1.5271,-1.5994,-1.6323,-1.6212,-1.5638,-1.4602,-1.3127,-1.1248,-0.90047,-0.64463,-0.36369,-0.06572,0.24014,0.54464,0.83919,1.116,1.368,1.5885,1.7732,1.9224,2.0424,2.1448,2.2432,2.3487,2.4672,2.5989,2.7379,2.8732,2.9882,3.0629,3.0772,3.0156,2.8698,2.6402,2.3348,1.9675,1.5536,1.1069,0.63882,0.16023,-0.31651,-0.77798,-1.2122,-1.6107,-1.9688,-2.2839,-2.5539,-2.7774,-2.9534,-3.0815,-3.1607,-3.1878,-3.157,-3.0611,-2.8951,-2.66,-2.3646,-2.023,-1.6515,-1.2646,-0.87366,-0.48734,-0.11246,0.2447,0.57691,0.87457,1.1254,1.3161,1.4359,1.4829,1.4691,1.4198,1.3639,1.3212,1.2966,1.2856,1.2818,1.2808,1.2806,1.2806,1.2806,1.2806,1.2805,1.2804,1.2796,1.2761,1.263,1.2252,1.1391,0.98426,0.76406,0,0,0,0,0,0,0,0,0,0,0,0,0,0,0,0,0,0,0,0,0,0,0,0,0,0,0,0,0,0,0,0,0,0,0,3
0,0,0,0,0,0,0,0,0,0,0,0,0,0.69282,0.8899,1.018,1.0709,1.0703,1.0422,0.99908,0.93977,0.86255,0.77675,0.69892,0.63783,0.5883,0.54092,0.49078,0.43403,0.36444,0.28143,0.1989,0.13794,0.10872,0.10324,0.10474,0.098441,0.074952,0.033357,-0.015987,-0.056323,-0.073927,-0.063315,-0.028538,0.017515,0.060218,0.09418,0.12455,0.15488,0.17669,0.17439,0.14103,0.089681,0.049789,0.048868,0.092788,0.16089,0.21947,0.24146,0.21816,0.15964,0.088454,0.030162,0.0022041,0.0074875,0.038507,0.087051,0.14823,0.21585,0.27651,0.31074,0.30389,0.2613,0.2124,0.19265,0.21489,0.25833,0.28633,0.27407,0.22382,0.16265,0.12595,0.13394,0.17719,0.22457,0.24576,0.22808,0.17813,0.11298,0.049051,-0.0043052,-0.043709,-0.067554,-0.07615,-0.077885,-0.095259,-0.16205,-0.30987,-0.55533,-0.89979,-1.3323,-1.8164,-2.2711,-2.5867,-2.6909,-2.6056,-2.4304,-2.2674,-2.164,-2.1153,-2.0978,-2.0929,-2.0918,-2.0916,-2.0916,-2.0916,-2.0916,-2.0914,-2.0901,-2.0843,-2.063,-2.0013,-1.8606,-1.6077,-1.248,0,0,0,0,0,0,0,0,0,0,0,0,0,0,0,0,0,0,0,0,0,0,0,0,0,0,0,0,0,0,0,0,0,0,0,3